report_date,county,DEM,REP,UNA,LIB,GRN,WCP,NLM,OTH,TOTAL,source_pdf,parser_version,source_file
2024-01-01,ALLEGANY,11367,22907,8886,256.0,,,0.0,568,43984,MSR-2024_01.pdf,1.3.1,MSR-2024_01.csv
2024-01-01,ANNE ARUNDEL,174068,129158,103905,2452.0,,,0.0,4276,413859,MSR-2024_01.pdf,1.3.1,MSR-2024_01.csv
2024-01-01,BALTIMORE CITY,296532,28113,61252,1153.0,,,0.0,5853,392903,MSR-2024_01.pdf,1.3.1,MSR-2024_01.csv
2024-01-01,BALTIMORE CO.,307691,136739,115864,2621.0,,,0.0,7812,570727,MSR-2024_01.pdf,1.3.1,MSR-2024_01.csv
2024-01-01,CALVERT,23557,27977,16222,458.0,,,0.0,730,68944,MSR-2024_01.pdf,1.3.1,MSR-2024_01.csv
2024-01-01,CAROLINE,6091,10671,4843,123.0,,,0.0,257,21985,MSR-2024_01.pdf,1.3.1,MSR-2024_01.csv
2024-01-01,CARROLL,33300,63380,30051,853.0,,,0.0,1336,128920,MSR-2024_01.pdf,1.3.1,MSR-2024_01.csv
2024-01-01,CECIL,20130,32884,17619,482.0,,,0.0,928,72043,MSR-2024_01.pdf,1.3.1,MSR-2024_01.csv
2024-01-01,CHARLES,74781,22870,23894,440.0,,,1.0,1197,123183,MSR-2024_01.pdf,1.3.1,MSR-2024_01.csv
2024-01-01,DORCHESTER,9520,9165,4144,113.0,,,0.0,259,23201,MSR-2024_01.pdf,1.3.1,MSR-2024_01.csv
2024-01-01,FREDERICK,77559,67614,52074,1220.0,,,0.0,1736,200203,MSR-2024_01.pdf,1.3.1,MSR-2024_01.csv
2024-01-01,GARRETT,3602,13736,3048,114.0,,,0.0,203,20703,MSR-2024_01.pdf,1.3.1,MSR-2024_01.csv
2024-01-01,HARFORD,64624,80276,43971,1238.0,,,0.0,2217,192326,MSR-2024_01.pdf,1.3.1,MSR-2024_01.csv
2024-01-01,HOWARD,121417,48105,60900,955.0,,,0.0,2502,233879,MSR-2024_01.pdf,1.3.1,MSR-2024_01.csv
2024-01-01,KENT,5780,5251,2748,66.0,,,0.0,146,13991,MSR-2024_01.pdf,1.3.1,MSR-2024_01.csv
2024-01-01,MONTGOMERY,406622,96478,166632,2290.0,,,0.0,7136,679158,MSR-2024_01.pdf,1.3.1,MSR-2024_01.csv
2024-01-01,PR. GEORGE'S,454604,37744,94187,1487.0,,,0.0,12405,600427,MSR-2024_01.pdf,1.3.1,MSR-2024_01.csv
2024-01-01,QUEEN ANNE'S,11085,19985,8725,230.0,,,0.0,395,40420,MSR-2024_01.pdf,1.3.1,MSR-2024_01.csv
2024-01-01,ST. MARY'S,25000,31814,17644,488.0,,,0.0,834,75780,MSR-2024_01.pdf,1.3.1,MSR-2024_01.csv
2024-01-01,SOMERSET,5481,6115,2464,66.0,,,0.0,163,14289,MSR-2024_01.pdf,1.3.1,MSR-2024_01.csv
2024-01-01,TALBOT,10667,11671,6005,155.0,,,0.0,280,28778,MSR-2024_01.pdf,1.3.1,MSR-2024_01.csv
2024-01-01,WASHINGTON,30981,44088,23464,642.0,,,0.0,1150,100325,MSR-2024_01.pdf,1.3.1,MSR-2024_01.csv
2024-01-01,WICOMICO,26377,23971,14530,358.0,,,0.0,896,66132,MSR-2024_01.pdf,1.3.1,MSR-2024_01.csv
2024-01-01,WORCESTER,13611,19425,8965,230.0,,,0.0,568,42799,MSR-2024_01.pdf,1.3.1,MSR-2024_01.csv
2024-02-01,ALLEGANY,10964,22584,8940,260.0,,,0.0,570,43318,MSR-2024_02.pdf,1.3.1,MSR-2024_02.csv
2024-02-01,ANNE ARUNDEL,172633,128754,104664,2472.0,,,7.0,4312,412842,MSR-2024_02.pdf,1.3.1,MSR-2024_02.csv
2024-02-01,BALTIMORE CITY,295429,28148,61422,1158.0,,,9.0,5844,392010,MSR-2024_02.pdf,1.3.1,MSR-2024_02.csv
2024-02-01,BALTIMORE CO.,306665,136855,116837,2659.0,,,16.0,7849,570881,MSR-2024_02.pdf,1.3.1,MSR-2024_02.csv
2024-02-01,CALVERT,23448,27960,16321,462.0,,,2.0,734,68927,MSR-2024_02.pdf,1.3.1,MSR-2024_02.csv
2024-02-01,CAROLINE,6070,10680,4852,126.0,,,1.0,261,21990,MSR-2024_02.pdf,1.3.1,MSR-2024_02.csv
2024-02-01,CARROLL,33162,63402,30203,859.0,,,1.0,1345,128972,MSR-2024_02.pdf,1.3.1,MSR-2024_02.csv
2024-02-01,CECIL,19684,33267,17611,483.0,,,1.0,929,71975,MSR-2024_02.pdf,1.3.1,MSR-2024_02.csv
2024-02-01,CHARLES,74747,22907,24136,442.0,,,3.0,1209,123444,MSR-2024_02.pdf,1.3.1,MSR-2024_02.csv
2024-02-01,DORCHESTER,9502,9191,4177,112.0,,,0.0,259,23241,MSR-2024_02.pdf,1.3.1,MSR-2024_02.csv
2024-02-01,FREDERICK,77501,67799,52608,1233.0,,,8.0,1729,200878,MSR-2024_02.pdf,1.3.1,MSR-2024_02.csv
2024-02-01,GARRETT,3545,13672,3069,111.0,,,0.0,207,20604,MSR-2024_02.pdf,1.3.1,MSR-2024_02.csv
2024-02-01,HARFORD,64423,80394,44372,1244.0,,,2.0,2231,192666,MSR-2024_02.pdf,1.3.1,MSR-2024_02.csv
2024-02-01,HOWARD,121200,48118,61380,964.0,,,8.0,2504,234174,MSR-2024_02.pdf,1.3.1,MSR-2024_02.csv
2024-02-01,KENT,5772,5266,2761,69.0,,,0.0,144,14012,MSR-2024_02.pdf,1.3.1,MSR-2024_02.csv
2024-02-01,MONTGOMERY,406131,97384,169295,2331.0,,,9.0,7198,682348,MSR-2024_02.pdf,1.3.1,MSR-2024_02.csv
2024-02-01,PR. GEORGE'S,453715,38016,95630,1511.0,,,15.0,12464,601351,MSR-2024_02.pdf,1.3.1,MSR-2024_02.csv
2024-02-01,QUEEN ANNE'S,11049,20007,8777,232.0,,,1.0,394,40460,MSR-2024_02.pdf,1.3.1,MSR-2024_02.csv
2024-02-01,ST. MARY'S,24711,31794,17789,483.0,,,2.0,841,75620,MSR-2024_02.pdf,1.3.1,MSR-2024_02.csv
2024-02-01,SOMERSET,5447,6122,2493,65.0,,,0.0,166,14293,MSR-2024_02.pdf,1.3.1,MSR-2024_02.csv
2024-02-01,TALBOT,10540,11592,6012,155.0,,,0.0,276,28575,MSR-2024_02.pdf,1.3.1,MSR-2024_02.csv
2024-02-01,WASHINGTON,30823,44050,23632,646.0,,,1.0,1167,100319,MSR-2024_02.pdf,1.3.1,MSR-2024_02.csv
2024-02-01,WICOMICO,26300,23972,14667,357.0,,,2.0,901,66199,MSR-2024_02.pdf,1.3.1,MSR-2024_02.csv
2024-02-01,WORCESTER,13578,19463,9011,230.0,,,1.0,570,42853,MSR-2024_02.pdf,1.3.1,MSR-2024_02.csv
2024-03-01,ALLEGANY,10946,22648,9001,261.0,,,0.0,571,43427,MSR-2024_03.pdf,1.3.1,MSR-2024_03.csv
2024-03-01,ANNE ARUNDEL,172730,128951,105269,2496.0,,,16.0,4324,413786,MSR-2024_03.pdf,1.3.1,MSR-2024_03.csv
2024-03-01,BALTIMORE CITY,296108,28400,62566,1192.0,,,26.0,5905,394197,MSR-2024_03.pdf,1.3.1,MSR-2024_03.csv
2024-03-01,BALTIMORE CO.,306276,137055,117601,2661.0,,,33.0,7846,571472,MSR-2024_03.pdf,1.3.1,MSR-2024_03.csv
2024-03-01,CALVERT,23477,28049,16404,460.0,,,5.0,738,69133,MSR-2024_03.pdf,1.3.1,MSR-2024_03.csv
2024-03-01,CAROLINE,6064,10702,4864,125.0,,,1.0,260,22016,MSR-2024_03.pdf,1.3.1,MSR-2024_03.csv
2024-03-01,CARROLL,33173,63488,30368,852.0,,,4.0,1341,129226,MSR-2024_03.pdf,1.3.1,MSR-2024_03.csv
2024-03-01,CECIL,19520,33771,17604,493.0,,,3.0,929,72320,MSR-2024_03.pdf,1.3.1,MSR-2024_03.csv
2024-03-01,CHARLES,74828,22962,24372,441.0,,,10.0,1208,123821,MSR-2024_03.pdf,1.3.1,MSR-2024_03.csv
2024-03-01,DORCHESTER,9521,9229,4221,115.0,,,0.0,262,23348,MSR-2024_03.pdf,1.3.1,MSR-2024_03.csv
2024-03-01,FREDERICK,77554,67917,52948,1245.0,,,12.0,1738,201414,MSR-2024_03.pdf,1.3.1,MSR-2024_03.csv
2024-03-01,GARRETT,3536,13710,3090,110.0,,,0.0,207,20653,MSR-2024_03.pdf,1.3.1,MSR-2024_03.csv
2024-03-01,HARFORD,64422,80499,44691,1254.0,,,5.0,2236,193107,MSR-2024_03.pdf,1.3.1,MSR-2024_03.csv
2024-03-01,HOWARD,121196,48131,61771,965.0,,,19.0,2503,234585,MSR-2024_03.pdf,1.3.1,MSR-2024_03.csv
2024-03-01,KENT,5770,5297,2778,69.0,,,0.0,143,14057,MSR-2024_03.pdf,1.3.1,MSR-2024_03.csv
2024-03-01,MONTGOMERY,406206,97862,171099,2361.0,,,55.0,7201,684784,MSR-2024_03.pdf,1.3.1,MSR-2024_03.csv
2024-03-01,PR. GEORGE'S,454311,38492,97563,1534.0,,,33.0,12544,604477,MSR-2024_03.pdf,1.3.1,MSR-2024_03.csv
2024-03-01,QUEEN ANNE'S,11031,20046,8867,233.0,,,2.0,391,40570,MSR-2024_03.pdf,1.3.1,MSR-2024_03.csv
2024-03-01,ST. MARY'S,24800,31918,17906,490.0,,,6.0,846,75966,MSR-2024_03.pdf,1.3.1,MSR-2024_03.csv
2024-03-01,SOMERSET,5440,6136,2518,66.0,,,0.0,167,14327,MSR-2024_03.pdf,1.3.1,MSR-2024_03.csv
2024-03-01,TALBOT,10543,11631,6049,160.0,,,0.0,277,28660,MSR-2024_03.pdf,1.3.1,MSR-2024_03.csv
2024-03-01,WASHINGTON,30839,44200,23794,655.0,,,2.0,1185,100675,MSR-2024_03.pdf,1.3.1,MSR-2024_03.csv
2024-03-01,WICOMICO,26203,23950,14769,361.0,,,1.0,912,66196,MSR-2024_03.pdf,1.3.1,MSR-2024_03.csv
2024-03-01,WORCESTER,13601,19485,9067,237.0,,,1.0,565,42956,MSR-2024_03.pdf,1.3.1,MSR-2024_03.csv
2024-04-01,ALLEGANY,10967,22756,9001,265.0,,,3.0,571,43563,MSR-2024_04.pdf,1.3.1,MSR-2024_04.csv
2024-04-01,ANNE ARUNDEL,173333,129488,105265,2514.0,,,50.0,4331,414981,MSR-2024_04.pdf,1.3.1,MSR-2024_04.csv
2024-04-01,BALTIMORE CITY,296628,28557,62638,1198.0,,,83.0,5920,395024,MSR-2024_04.pdf,1.3.1,MSR-2024_04.csv
2024-04-01,BALTIMORE CO.,306808,137606,117801,2690.0,,,83.0,7863,572851,MSR-2024_04.pdf,1.3.1,MSR-2024_04.csv
2024-04-01,CALVERT,23546,28137,16412,463.0,,,18.0,735,69311,MSR-2024_04.pdf,1.3.1,MSR-2024_04.csv
2024-04-01,CAROLINE,6068,10722,4880,127.0,,,1.0,263,22061,MSR-2024_04.pdf,1.3.1,MSR-2024_04.csv
2024-04-01,CARROLL,33337,63784,30168,848.0,,,15.0,1333,129485,MSR-2024_04.pdf,1.3.1,MSR-2024_04.csv
2024-04-01,CECIL,19146,34623,17361,491.0,,,16.0,926,72563,MSR-2024_04.pdf,1.3.1,MSR-2024_04.csv
2024-04-01,CHARLES,75031,23097,24429,442.0,,,21.0,1212,124232,MSR-2024_04.pdf,1.3.1,MSR-2024_04.csv
2024-04-01,DORCHESTER,9523,9276,4230,114.0,,,1.0,261,23405,MSR-2024_04.pdf,1.3.1,MSR-2024_04.csv
2024-04-01,FREDERICK,77898,68181,52931,1258.0,,,39.0,1734,202041,MSR-2024_04.pdf,1.3.1,MSR-2024_04.csv
2024-04-01,GARRETT,3529,13770,3110,110.0,,,2.0,209,20730,MSR-2024_04.pdf,1.3.1,MSR-2024_04.csv
2024-04-01,HARFORD,64534,80783,44713,1275.0,,,16.0,2256,193577,MSR-2024_04.pdf,1.3.1,MSR-2024_04.csv
2024-04-01,HOWARD,121728,48312,61690,976.0,,,39.0,2489,235234,MSR-2024_04.pdf,1.3.1,MSR-2024_04.csv
2024-04-01,KENT,5771,5308,2777,70.0,,,0.0,147,14073,MSR-2024_04.pdf,1.3.1,MSR-2024_04.csv
2024-04-01,MONTGOMERY,407590,98514,171465,2413.0,,,132.0,7213,687327,MSR-2024_04.pdf,1.3.1,MSR-2024_04.csv
2024-04-01,PR. GEORGE'S,455084,38833,98132,1551.0,,,73.0,12540,606213,MSR-2024_04.pdf,1.3.1,MSR-2024_04.csv
2024-04-01,QUEEN ANNE'S,11080,20077,8889,237.0,,,3.0,392,40678,MSR-2024_04.pdf,1.3.1,MSR-2024_04.csv
2024-04-01,ST. MARY'S,24899,32098,17984,501.0,,,16.0,846,76344,MSR-2024_04.pdf,1.3.1,MSR-2024_04.csv
2024-04-01,SOMERSET,5430,6173,2531,70.0,,,1.0,169,14374,MSR-2024_04.pdf,1.3.1,MSR-2024_04.csv
2024-04-01,TALBOT,10597,11677,6048,166.0,,,4.0,274,28766,MSR-2024_04.pdf,1.3.1,MSR-2024_04.csv
2024-04-01,WASHINGTON,30924,44410,23871,661.0,,,7.0,1194,101067,MSR-2024_04.pdf,1.3.1,MSR-2024_04.csv
2024-04-01,WICOMICO,26200,24039,14819,364.0,,,4.0,913,66339,MSR-2024_04.pdf,1.3.1,MSR-2024_04.csv
2024-04-01,WORCESTER,13643,19555,9079,240.0,,,3.0,564,43084,MSR-2024_04.pdf,1.3.1,MSR-2024_04.csv
2024-05-01,ALLEGANY,10957,22760,8992,265.0,,,21.0,572,43567,MSR-2024_05.pdf,1.3.1,MSR-2024_05.csv
2024-05-01,ANNE ARUNDEL,173325,129487,105156,2509.0,,,200.0,4326,415003,MSR-2024_05.pdf,1.3.1,MSR-2024_05.csv
2024-05-01,BALTIMORE CITY,296923,28556,62599,1198.0,,,199.0,5912,395387,MSR-2024_05.pdf,1.3.1,MSR-2024_05.csv
2024-05-01,BALTIMORE CO.,307367,137983,116792,2681.0,,,231.0,7761,572815,MSR-2024_05.pdf,1.3.1,MSR-2024_05.csv
2024-05-01,CALVERT,23555,28185,16353,462.0,,,39.0,728,69322,MSR-2024_05.pdf,1.3.1,MSR-2024_05.csv
2024-05-01,CAROLINE,6065,10745,4847,127.0,,,9.0,259,22052,MSR-2024_05.pdf,1.3.1,MSR-2024_05.csv
2024-05-01,CARROLL,33316,63898,29993,841.0,,,49.0,1326,129423,MSR-2024_05.pdf,1.3.1,MSR-2024_05.csv
2024-05-01,CECIL,19134,34648,17353,491.0,,,37.0,926,72589,MSR-2024_05.pdf,1.3.1,MSR-2024_05.csv
2024-05-01,CHARLES,75082,23093,24413,442.0,,,47.0,1211,124288,MSR-2024_05.pdf,1.3.1,MSR-2024_05.csv
2024-05-01,DORCHESTER,9511,9278,4215,113.0,,,8.0,260,23385,MSR-2024_05.pdf,1.3.1,MSR-2024_05.csv
2024-05-01,FREDERICK,77906,68198,52867,1256.0,,,101.0,1731,202059,MSR-2024_05.pdf,1.3.1,MSR-2024_05.csv
2024-05-01,GARRETT,3522,13804,3087,109.0,,,6.0,205,20733,MSR-2024_05.pdf,1.3.1,MSR-2024_05.csv
2024-05-01,HARFORD,64524,80880,44543,1273.0,,,83.0,2238,193541,MSR-2024_05.pdf,1.3.1,MSR-2024_05.csv
2024-05-01,HOWARD,122073,48463,61318,974.0,,,105.0,2469,235402,MSR-2024_05.pdf,1.3.1,MSR-2024_05.csv
2024-05-01,KENT,5758,5307,2779,71.0,,,3.0,144,14062,MSR-2024_05.pdf,1.3.1,MSR-2024_05.csv
2024-05-01,MONTGOMERY,407995,98486,171413,2415.0,,,299.0,7205,687813,MSR-2024_05.pdf,1.3.1,MSR-2024_05.csv
2024-05-01,PR. GEORGE'S,455152,38819,98090,1552.0,,,275.0,12534,606422,MSR-2024_05.pdf,1.3.1,MSR-2024_05.csv
2024-05-01,QUEEN ANNE'S,11077,20094,8886,237.0,,,16.0,391,40701,MSR-2024_05.pdf,1.3.1,MSR-2024_05.csv
2024-05-01,ST. MARY'S,24912,32142,17985,502.0,,,41.0,845,76427,MSR-2024_05.pdf,1.3.1,MSR-2024_05.csv
2024-05-01,SOMERSET,5424,6163,2526,70.0,,,6.0,168,14357,MSR-2024_05.pdf,1.3.1,MSR-2024_05.csv
2024-05-01,TALBOT,10615,11673,6034,166.0,,,12.0,275,28775,MSR-2024_05.pdf,1.3.1,MSR-2024_05.csv
2024-05-01,WASHINGTON,30920,44448,23779,661.0,,,30.0,1186,101024,MSR-2024_05.pdf,1.3.1,MSR-2024_05.csv
2024-05-01,WICOMICO,26169,24020,14807,364.0,,,25.0,910,66295,MSR-2024_05.pdf,1.3.1,MSR-2024_05.csv
2024-05-01,WORCESTER,13633,19538,9072,239.0,,,16.0,564,43062,MSR-2024_05.pdf,1.3.1,MSR-2024_05.csv
2024-06-01,ALLEGANY,10827,22824,8786,266.0,,,34.0,566,43303,MSR-2024_06.pdf,1.3.1,MSR-2024_06.csv
2024-06-01,ANNE ARUNDEL,170657,128052,103138,2511.0,,,342.0,4251,408951,MSR-2024_06.pdf,1.3.1,MSR-2024_06.csv
2024-06-01,BALTIMORE CITY,294942,28293,61098,1180.0,,,209.0,5735,391457,MSR-2024_06.pdf,1.3.1,MSR-2024_06.csv
2024-06-01,BALTIMORE CO.,307069,138092,117815,2694.0,,,433.0,7801,573904,MSR-2024_06.pdf,1.3.1,MSR-2024_06.csv
2024-06-01,CALVERT,23236,28005,16231,454.0,,,53.0,718,68697,MSR-2024_06.pdf,1.3.1,MSR-2024_06.csv
2024-06-01,CAROLINE,5964,10691,4861,125.0,,,21.0,259,21921,MSR-2024_06.pdf,1.3.1,MSR-2024_06.csv
2024-06-01,CARROLL,33081,63510,29982,834.0,,,79.0,1323,128809,MSR-2024_06.pdf,1.3.1,MSR-2024_06.csv
2024-06-01,CECIL,19062,35071,17112,477.0,,,79.0,906,72707,MSR-2024_06.pdf,1.3.1,MSR-2024_06.csv
2024-06-01,CHARLES,74821,23027,24453,443.0,,,88.0,1199,124031,MSR-2024_06.pdf,1.3.1,MSR-2024_06.csv
2024-06-01,DORCHESTER,9498,9341,4251,110.0,,,17.0,261,23478,MSR-2024_06.pdf,1.3.1,MSR-2024_06.csv
2024-06-01,FREDERICK,77691,68073,53044,1260.0,,,148.0,1710,201926,MSR-2024_06.pdf,1.3.1,MSR-2024_06.csv
2024-06-01,GARRETT,3465,13716,3034,110.0,,,14.0,207,20546,MSR-2024_06.pdf,1.3.1,MSR-2024_06.csv
2024-06-01,HARFORD,64201,80792,44680,1285.0,,,160.0,2233,193351,MSR-2024_06.pdf,1.3.1,MSR-2024_06.csv
2024-06-01,HOWARD,121928,48237,61785,967.0,,,182.0,2472,235571,MSR-2024_06.pdf,1.3.1,MSR-2024_06.csv
2024-06-01,KENT,5730,5335,2788,70.0,,,8.0,144,14075,MSR-2024_06.pdf,1.3.1,MSR-2024_06.csv
2024-06-01,MONTGOMERY,405476,98097,170519,2416.0,,,385.0,7139,684032,MSR-2024_06.pdf,1.3.1,MSR-2024_06.csv
2024-06-01,PR. GEORGE'S,451183,38584,96352,1536.0,,,370.0,12291,600316,MSR-2024_06.pdf,1.3.1,MSR-2024_06.csv
2024-06-01,QUEEN ANNE'S,11110,20206,8809,235.0,,,30.0,380,40770,MSR-2024_06.pdf,1.3.1,MSR-2024_06.csv
2024-06-01,ST. MARY'S,24533,31960,17625,495.0,,,48.0,819,75480,MSR-2024_06.pdf,1.3.1,MSR-2024_06.csv
2024-06-01,SOMERSET,5382,6185,2530,71.0,,,12.0,170,14350,MSR-2024_06.pdf,1.3.1,MSR-2024_06.csv
2024-06-01,TALBOT,10599,11704,6062,169.0,,,18.0,274,28826,MSR-2024_06.pdf,1.3.1,MSR-2024_06.csv
2024-06-01,WASHINGTON,30423,44115,23554,658.0,,,54.0,1173,99977,MSR-2024_06.pdf,1.3.1,MSR-2024_06.csv
2024-06-01,WICOMICO,25911,24020,14929,377.0,,,66.0,888,66191,MSR-2024_06.pdf,1.3.1,MSR-2024_06.csv
2024-06-01,WORCESTER,13469,19381,8969,236.0,,,29.0,552,42636,MSR-2024_06.pdf,1.3.1,MSR-2024_06.csv
2024-07-01,ALLEGANY,10791,22883,8820,269.0,,,42.0,568,43373,MSR-2024_07.pdf,1.3.1,MSR-2024_07.csv
2024-07-01,ANNE ARUNDEL,171051,128420,103791,2507.0,,,459.0,4250,410478,MSR-2024_07.pdf,1.3.1,MSR-2024_07.csv
2024-07-01,BALTIMORE CITY,296091,28566,62284,1204.0,,,365.0,5753,394263,MSR-2024_07.pdf,1.3.1,MSR-2024_07.csv
2024-07-01,BALTIMORE CO.,306358,138172,118034,2702.0,,,545.0,7756,573567,MSR-2024_07.pdf,1.3.1,MSR-2024_07.csv
2024-07-01,CALVERT,23264,28135,16375,454.0,,,64.0,717,69009,MSR-2024_07.pdf,1.3.1,MSR-2024_07.csv
2024-07-01,CAROLINE,5962,10752,4895,124.0,,,26.0,253,22012,MSR-2024_07.pdf,1.3.1,MSR-2024_07.csv
2024-07-01,CARROLL,33112,63736,30168,842.0,,,105.0,1330,129293,MSR-2024_07.pdf,1.3.1,MSR-2024_07.csv
2024-07-01,CECIL,19011,35124,17141,480.0,,,96.0,909,72761,MSR-2024_07.pdf,1.3.1,MSR-2024_07.csv
2024-07-01,CHARLES,74913,23059,24567,445.0,,,109.0,2,123095,MSR-2024_07.pdf,1.3.1,MSR-2024_07.csv
2024-07-01,DORCHESTER,9504,9383,4276,109.0,,,22.0,262,23556,MSR-2024_07.pdf,1.3.1,MSR-2024_07.csv
2024-07-01,FREDERICK,77885,68337,53482,1267.0,,,197.0,1722,202890,MSR-2024_07.pdf,1.3.1,MSR-2024_07.csv
2024-07-01,GARRETT,3458,13722,3035,110.0,,,15.0,202,20542,MSR-2024_07.pdf,1.3.1,MSR-2024_07.csv
2024-07-01,HARFORD,64052,80784,44749,1277.0,,,194.0,2216,193272,MSR-2024_07.pdf,1.3.1,MSR-2024_07.csv
2024-07-01,HOWARD,122110,48332,62275,971.0,,,227.0,2463,236378,MSR-2024_07.pdf,1.3.1,MSR-2024_07.csv
2024-07-01,KENT,5710,5347,2801,71.0,,,12.0,143,14084,MSR-2024_07.pdf,1.3.1,MSR-2024_07.csv
2024-07-01,MONTGOMERY,402271,97741,171301,2455.0,,,614.0,7125,681507,MSR-2024_07.pdf,1.3.1,MSR-2024_07.csv
2024-07-01,PR. GEORGE'S,453276,39147,99087,1579.0,,,607.0,12363,606059,MSR-2024_07.pdf,1.3.1,MSR-2024_07.csv
2024-07-01,QUEEN ANNE'S,11128,20290,8880,238.0,,,36.0,374,40946,MSR-2024_07.pdf,1.3.1,MSR-2024_07.csv
2024-07-01,ST. MARY'S,24509,32171,17871,499.0,,,62.0,815,75927,MSR-2024_07.pdf,1.3.1,MSR-2024_07.csv
2024-07-01,SOMERSET,5368,6192,2545,70.0,,,14.0,166,14355,MSR-2024_07.pdf,1.3.1,MSR-2024_07.csv
2024-07-01,TALBOT,10424,11585,5956,167.0,,,25.0,273,28430,MSR-2024_07.pdf,1.3.1,MSR-2024_07.csv
2024-07-01,WASHINGTON,30258,44080,23642,649.0,,,80.0,1147,99856,MSR-2024_07.pdf,1.3.1,MSR-2024_07.csv
2024-07-01,WICOMICO,25823,23998,14915,384.0,,,83.0,885,66088,MSR-2024_07.pdf,1.3.1,MSR-2024_07.csv
2024-07-01,WORCESTER,13491,19480,9068,238.0,,,40.0,559,42876,MSR-2024_07.pdf,1.3.1,MSR-2024_07.csv
2024-08-01,ALLEGANY,10781,22917,8798,271.0,55.0,,50.0,508,43380,MSR-2024_08.pdf,1.3.1,MSR-2024_08.csv
2024-08-01,ANNE ARUNDEL,171916,128807,104582,2519.0,452.0,,558.0,3797,412631,MSR-2024_08.pdf,1.3.1,MSR-2024_08.csv
2024-08-01,BALTIMORE CITY,297712,28872,63311,1243.0,676.0,,500.0,5103,397417,MSR-2024_08.pdf,1.3.1,MSR-2024_08.csv
2024-08-01,BALTIMORE CO.,306442,138412,118819,2701.0,656.0,,670.0,7072,574772,MSR-2024_08.pdf,1.3.1,MSR-2024_08.csv
2024-08-01,CALVERT,23385,28247,16490,456.0,67.0,,73.0,650,69368,MSR-2024_08.pdf,1.3.1,MSR-2024_08.csv
2024-08-01,CAROLINE,5967,10798,4912,126.0,25.0,,30.0,230,22088,MSR-2024_08.pdf,1.3.1,MSR-2024_08.csv
2024-08-01,CARROLL,33196,63956,30320,838.0,134.0,,120.0,1202,129766,MSR-2024_08.pdf,1.3.1,MSR-2024_08.csv
2024-08-01,CECIL,18950,35048,17202,482.0,72.0,,111.0,828,72693,MSR-2024_08.pdf,1.3.1,MSR-2024_08.csv
2024-08-01,CHARLES,75275,23159,24774,447.0,103.0,,130.0,1101,124989,MSR-2024_08.pdf,1.3.1,MSR-2024_08.csv
2024-08-01,DORCHESTER,9522,9429,4301,109.0,15.0,,25.0,251,23652,MSR-2024_08.pdf,1.3.1,MSR-2024_08.csv
2024-08-01,FREDERICK,78258,68595,53912,1261.0,222.0,,226.0,1508,203982,MSR-2024_08.pdf,1.3.1,MSR-2024_08.csv
2024-08-01,GARRETT,3465,13764,3045,109.0,19.0,,17.0,183,20602,MSR-2024_08.pdf,1.3.1,MSR-2024_08.csv
2024-08-01,HARFORD,64238,81051,44987,1294.0,158.0,,234.0,2046,194008,MSR-2024_08.pdf,1.3.1,MSR-2024_08.csv
2024-08-01,HOWARD,122722,48448,62788,977.0,236.0,,279.0,2232,237682,MSR-2024_08.pdf,1.3.1,MSR-2024_08.csv
2024-08-01,KENT,5709,5361,2808,73.0,16.0,,14.0,128,14109,MSR-2024_08.pdf,1.3.1,MSR-2024_08.csv
2024-08-01,MONTGOMERY,403515,98129,172033,2459.0,765.0,,811.0,6251,683963,MSR-2024_08.pdf,1.3.1,MSR-2024_08.csv
2024-08-01,PR. GEORGE'S,454819,39452,99972,1594.0,599.0,,775.0,11738,608949,MSR-2024_08.pdf,1.3.1,MSR-2024_08.csv
2024-08-01,QUEEN ANNE'S,11170,20328,8948,238.0,36.0,,44.0,331,41095,MSR-2024_08.pdf,1.3.1,MSR-2024_08.csv
2024-08-01,ST. MARY'S,24632,32343,17997,502.0,63.0,,70.0,753,76360,MSR-2024_08.pdf,1.3.1,MSR-2024_08.csv
2024-08-01,SOMERSET,5365,6218,2549,73.0,15.0,,15.0,152,14387,MSR-2024_08.pdf,1.3.1,MSR-2024_08.csv
2024-08-01,TALBOT,10488,11602,5974,168.0,22.0,,30.0,248,28532,MSR-2024_08.pdf,1.3.1,MSR-2024_08.csv
2024-08-01,WASHINGTON,30430,44300,23880,655.0,123.0,,100.0,1010,100498,MSR-2024_08.pdf,1.3.1,MSR-2024_08.csv
2024-08-01,WICOMICO,25825,24078,15001,383.0,59.0,,101.0,826,66273,MSR-2024_08.pdf,1.3.1,MSR-2024_08.csv
2024-08-01,WORCESTER,13558,19642,9185,247.0,42.0,,49.0,521,43244,MSR-2024_08.pdf,1.3.1,MSR-2024_08.csv
2024-09-01,ALLEGANY,10849,23052,8862,272.0,54.0,,62.0,507,43658,MSR-2024_09.pdf,1.3.1,MSR-2024_09.csv
2024-09-01,ANNE ARUNDEL,173216,129562,105506,2538.0,455.0,,678.0,3782,415737,MSR-2024_09.pdf,1.3.1,MSR-2024_09.csv
2024-09-01,BALTIMORE CITY,299106,29102,63933,1263.0,701.0,,622.0,5084,399811,MSR-2024_09.pdf,1.3.1,MSR-2024_09.csv
2024-09-01,BALTIMORE CO.,308041,139338,119734,2710.0,675.0,,835.0,7042,578375,MSR-2024_09.pdf,1.3.1,MSR-2024_09.csv
2024-09-01,CALVERT,23522,28461,16572,460.0,67.0,,94.0,644,69820,MSR-2024_09.pdf,1.3.1,MSR-2024_09.csv
2024-09-01,CAROLINE,5994,10891,4927,129.0,25.0,,40.0,227,22233,MSR-2024_09.pdf,1.3.1,MSR-2024_09.csv
2024-09-01,CARROLL,33301,64209,30503,845.0,132.0,,136.0,1199,130325,MSR-2024_09.pdf,1.3.1,MSR-2024_09.csv
2024-09-01,CECIL,19053,35255,17316,485.0,72.0,,127.0,818,73126,MSR-2024_09.pdf,1.3.1,MSR-2024_09.csv
2024-09-01,CHARLES,75729,23318,25042,454.0,103.0,,155.0,1099,125900,MSR-2024_09.pdf,1.3.1,MSR-2024_09.csv
2024-09-01,DORCHESTER,9574,9482,4334,112.0,15.0,,33.0,250,23800,MSR-2024_09.pdf,1.3.1,MSR-2024_09.csv
2024-09-01,FREDERICK,78789,68925,54268,1270.0,224.0,,266.0,1503,205245,MSR-2024_09.pdf,1.3.1,MSR-2024_09.csv
2024-09-01,GARRETT,3475,13859,3061,111.0,20.0,,22.0,186,20734,MSR-2024_09.pdf,1.3.1,MSR-2024_09.csv
2024-09-01,HARFORD,64575,81530,45260,1295.0,158.0,,277.0,2053,195148,MSR-2024_09.pdf,1.3.1,MSR-2024_09.csv
2024-09-01,HOWARD,123368,48580,63155,976.0,244.0,,344.0,2205,238872,MSR-2024_09.pdf,1.3.1,MSR-2024_09.csv
2024-09-01,KENT,5721,5393,2817,73.0,16.0,,20.0,128,14168,MSR-2024_09.pdf,1.3.1,MSR-2024_09.csv
2024-09-01,MONTGOMERY,406004,98743,173554,2486.0,783.0,,992.0,6179,688741,MSR-2024_09.pdf,1.3.1,MSR-2024_09.csv
2024-09-01,PR. GEORGE'S,456887,39974,100970,1645.0,612.0,,956.0,11697,612741,MSR-2024_09.pdf,1.3.1,MSR-2024_09.csv
2024-09-01,QUEEN ANNE'S,11246,20442,8965,238.0,40.0,,52.0,332,41315,MSR-2024_09.pdf,1.3.1,MSR-2024_09.csv
2024-09-01,ST. MARY'S,24788,32618,18129,513.0,64.0,,95.0,747,76954,MSR-2024_09.pdf,1.3.1,MSR-2024_09.csv
2024-09-01,SOMERSET,5365,6256,2558,76.0,16.0,,18.0,154,14443,MSR-2024_09.pdf,1.3.1,MSR-2024_09.csv
2024-09-01,TALBOT,10562,11652,6022,175.0,24.0,,37.0,243,28715,MSR-2024_09.pdf,1.3.1,MSR-2024_09.csv
2024-09-01,WASHINGTON,30648,44628,24107,661.0,128.0,,135.0,1011,101318,MSR-2024_09.pdf,1.3.1,MSR-2024_09.csv
2024-09-01,WICOMICO,25950,24234,15090,389.0,63.0,,115.0,812,66653,MSR-2024_09.pdf,1.3.1,MSR-2024_09.csv
2024-09-01,WORCESTER,13654,19819,9242,247.0,41.0,,55.0,513,43571,MSR-2024_09.pdf,1.3.1,MSR-2024_09.csv
2024-10-01,ALLEGANY,10907,23301,8910,278.0,56.0,,67.0,502,44021,MSR-2024_10.pdf,1.3.1,MSR-2024_10.csv
2024-10-01,ANNE ARUNDEL,174740,130719,106349,2539.0,470.0,,802.0,3759,419378,MSR-2024_10.pdf,1.3.1,MSR-2024_10.csv
2024-10-01,BALTIMORE CITY,301169,29470,64650,1278.0,739.0,,758.0,5076,403140,MSR-2024_10.pdf,1.3.1,MSR-2024_10.csv
2024-10-01,BALTIMORE CO.,309642,140636,120788,2737.0,713.0,,979.0,6986,582481,MSR-2024_10.pdf,1.3.1,MSR-2024_10.csv
2024-10-01,CALVERT,23698,28750,16674,457.0,64.0,,112.0,642,70397,MSR-2024_10.pdf,1.3.1,MSR-2024_10.csv
2024-10-01,CAROLINE,5998,10981,4916,128.0,26.0,,44.0,227,22320,MSR-2024_10.pdf,1.3.1,MSR-2024_10.csv
2024-10-01,CARROLL,33450,64648,30672,863.0,139.0,,145.0,1197,131114,MSR-2024_10.pdf,1.3.1,MSR-2024_10.csv
2024-10-01,CECIL,19225,35526,17410,486.0,72.0,,145.0,821,73685,MSR-2024_10.pdf,1.3.1,MSR-2024_10.csv
2024-10-01,CHARLES,76235,23640,25214,456.0,112.0,,185.0,1101,126943,MSR-2024_10.pdf,1.3.1,MSR-2024_10.csv
2024-10-01,DORCHESTER,9627,9564,4354,116.0,16.0,,34.0,255,23966,MSR-2024_10.pdf,1.3.1,MSR-2024_10.csv
2024-10-01,FREDERICK,79406,69543,54623,1276.0,232.0,,312.0,1490,206882,MSR-2024_10.pdf,1.3.1,MSR-2024_10.csv
2024-10-01,GARRETT,3478,13993,3098,107.0,18.0,,25.0,182,20901,MSR-2024_10.pdf,1.3.1,MSR-2024_10.csv
2024-10-01,HARFORD,64869,82006,45434,1295.0,162.0,,326.0,2030,196122,MSR-2024_10.pdf,1.3.1,MSR-2024_10.csv
2024-10-01,HOWARD,124288,48942,63650,975.0,264.0,,397.0,2184,240700,MSR-2024_10.pdf,1.3.1,MSR-2024_10.csv
2024-10-01,KENT,5756,5459,2819,72.0,14.0,,23.0,127,14270,MSR-2024_10.pdf,1.3.1,MSR-2024_10.csv
2024-10-01,MONTGOMERY,410090,100358,175918,2535.0,877.0,,1251.0,6134,697163,MSR-2024_10.pdf,1.3.1,MSR-2024_10.csv
2024-10-01,PR. GEORGE'S,459608,40765,102001,1668.0,645.0,,1178.0,11621,617486,MSR-2024_10.pdf,1.3.1,MSR-2024_10.csv
2024-10-01,QUEEN ANNE'S,11265,20593,9015,239.0,45.0,,58.0,335,41550,MSR-2024_10.pdf,1.3.1,MSR-2024_10.csv
2024-10-01,ST. MARY'S,25107,33146,18294,528.0,66.0,,116.0,735,77992,MSR-2024_10.pdf,1.3.1,MSR-2024_10.csv
2024-10-01,SOMERSET,5374,6279,2565,78.0,17.0,,21.0,151,14485,MSR-2024_10.pdf,1.3.1,MSR-2024_10.csv
2024-10-01,TALBOT,10633,11728,6069,179.0,24.0,,40.0,241,28914,MSR-2024_10.pdf,1.3.1,MSR-2024_10.csv
2024-10-01,WASHINGTON,30869,45118,24310,667.0,127.0,,163.0,1000,102254,MSR-2024_10.pdf,1.3.1,MSR-2024_10.csv
2024-10-01,WICOMICO,26175,24553,15284,389.0,68.0,,135.0,815,67419,MSR-2024_10.pdf,1.3.1,MSR-2024_10.csv
2024-10-01,WORCESTER,13714,19977,9270,248.0,42.0,,64.0,512,43827,MSR-2024_10.pdf,1.3.1,MSR-2024_10.csv
2024-11-01,ALLEGANY,11024,23681,8952,284.0,57.0,,71.0,496,44565,MSR-2024_11.pdf,1.3.1,MSR-2024_11.csv
2024-11-01,ANNE ARUNDEL,176289,132033,107477,2570.0,487.0,,824.0,3779,423459,MSR-2024_11.pdf,1.3.1,MSR-2024_11.csv
2024-11-01,BALTIMORE CITY,305040,30052,65745,1285.0,762.0,,809.0,5116,408809,MSR-2024_11.pdf,1.3.1,MSR-2024_11.csv
2024-11-01,BALTIMORE CO.,312143,142246,121947,2761.0,735.0,,1015.0,7003,587850,MSR-2024_11.pdf,1.3.1,MSR-2024_11.csv
2024-11-01,CALVERT,23957,29183,16860,463.0,64.0,,112.0,634,71273,MSR-2024_11.pdf,1.3.1,MSR-2024_11.csv
2024-11-01,CAROLINE,6050,11194,4956,129.0,26.0,,45.0,223,22623,MSR-2024_11.pdf,1.3.1,MSR-2024_11.csv
2024-11-01,CARROLL,33671,65407,31099,870.0,140.0,,153.0,1209,132549,MSR-2024_11.pdf,1.3.1,MSR-2024_11.csv
2024-11-01,CECIL,19387,35977,17571,493.0,72.0,,147.0,822,74469,MSR-2024_11.pdf,1.3.1,MSR-2024_11.csv
2024-11-01,CHARLES,77233,24019,25626,471.0,120.0,,208.0,1116,128793,MSR-2024_11.pdf,1.3.1,MSR-2024_11.csv
2024-11-01,DORCHESTER,9678,9706,4402,119.0,16.0,,34.0,251,24206,MSR-2024_11.pdf,1.3.1,MSR-2024_11.csv
2024-11-01,FREDERICK,80026,70073,55078,1286.0,237.0,,319.0,1502,208521,MSR-2024_11.pdf,1.3.1,MSR-2024_11.csv
2024-11-01,GARRETT,3500,14134,3117,109.0,18.0,,25.0,183,21086,MSR-2024_11.pdf,1.3.1,MSR-2024_11.csv
2024-11-01,HARFORD,65362,82838,45869,1310.0,168.0,,338.0,2007,197892,MSR-2024_11.pdf,1.3.1,MSR-2024_11.csv
2024-11-01,HOWARD,125176,49406,64322,983.0,279.0,,401.0,2191,242758,MSR-2024_11.pdf,1.3.1,MSR-2024_11.csv
2024-11-01,KENT,5779,5527,2842,71.0,14.0,,23.0,125,14381,MSR-2024_11.pdf,1.3.1,MSR-2024_11.csv
2024-11-01,MONTGOMERY,414121,101708,178788,2559.0,907.0,,1272.0,6178,705533,MSR-2024_11.pdf,1.3.1,MSR-2024_11.csv
2024-11-01,PR. GEORGE'S,463995,41595,103269,1692.0,680.0,,1217.0,11642,624090,MSR-2024_11.pdf,1.3.1,MSR-2024_11.csv
2024-11-01,QUEEN ANNE'S,11314,20823,9046,241.0,46.0,,59.0,331,41860,MSR-2024_11.pdf,1.3.1,MSR-2024_11.csv
2024-11-01,ST. MARY'S,25490,33746,18609,534.0,72.0,,121.0,740,79312,MSR-2024_11.pdf,1.3.1,MSR-2024_11.csv
2024-11-01,SOMERSET,5410,6335,2586,77.0,17.0,,22.0,154,14601,MSR-2024_11.pdf,1.3.1,MSR-2024_11.csv
2024-11-01,TALBOT,10757,11876,6152,180.0,24.0,,41.0,243,29273,MSR-2024_11.pdf,1.3.1,MSR-2024_11.csv
2024-11-01,WASHINGTON,31296,45906,24583,682.0,130.0,,177.0,984,103758,MSR-2024_11.pdf,1.3.1,MSR-2024_11.csv
2024-11-01,WICOMICO,26389,24772,15396,393.0,71.0,,137.0,816,67974,MSR-2024_11.pdf,1.3.1,MSR-2024_11.csv
2024-11-01,WORCESTER,13802,20203,9332,245.0,42.0,,61.0,515,44200,MSR-2024_11.pdf,1.3.1,MSR-2024_11.csv
2024-12-01,ALLEGANY,10937,23617,8928,284.0,56.0,,75.0,487,44384,MSR-2024_12.pdf,1.3.1,MSR-2024_12.csv
2024-12-01,ANNE ARUNDEL,173088,130262,104811,2474.0,465.0,,813.0,3611,415524,MSR-2024_12.pdf,1.3.1,MSR-2024_12.csv
2024-12-01,BALTIMORE CITY,302977,29866,65166,1276.0,753.0,,795.0,5065,405898,MSR-2024_12.pdf,1.3.1,MSR-2024_12.csv
2024-12-01,BALTIMORE CO.,310449,141796,121156,2735.0,716.0,,989.0,6873,584714,MSR-2024_12.pdf,1.3.1,MSR-2024_12.csv
2024-12-01,CALVERT,23785,29168,16801,464.0,60.0,,126.0,622,71026,MSR-2024_12.pdf,1.3.1,MSR-2024_12.csv
2024-12-01,CAROLINE,6015,11187,4939,128.0,25.0,,51.0,218,22563,MSR-2024_12.pdf,1.3.1,MSR-2024_12.csv
2024-12-01,CARROLL,33460,65142,30974,849.0,138.0,,169.0,1199,131931,MSR-2024_12.pdf,1.3.1,MSR-2024_12.csv
2024-12-01,CECIL,19261,35933,17426,489.0,68.0,,154.0,818,74149,MSR-2024_12.pdf,1.3.1,MSR-2024_12.csv
2024-12-01,CHARLES,77094,24057,25595,472.0,119.0,,231.0,1089,128657,MSR-2024_12.pdf,1.3.1,MSR-2024_12.csv
2024-12-01,DORCHESTER,9649,9712,4388,124.0,17.0,,41.0,251,24182,MSR-2024_12.pdf,1.3.1,MSR-2024_12.csv
2024-12-01,FREDERICK,79386,69676,54519,1268.0,231.0,,313.0,1451,206844,MSR-2024_12.pdf,1.3.1,MSR-2024_12.csv
2024-12-01,GARRETT,3480,14125,3126,107.0,16.0,,31.0,181,21066,MSR-2024_12.pdf,1.3.1,MSR-2024_12.csv
2024-12-01,HARFORD,65110,82836,45957,1298.0,165.0,,388.0,1986,197740,MSR-2024_12.pdf,1.3.1,MSR-2024_12.csv
2024-12-01,HOWARD,124713,49444,64521,1001.0,291.0,,446.0,2156,242572,MSR-2024_12.pdf,1.3.1,MSR-2024_12.csv
2024-12-01,KENT,5742,5563,2847,72.0,14.0,,21.0,128,14387,MSR-2024_12.pdf,1.3.1,MSR-2024_12.csv
2024-12-01,MONTGOMERY,414527,102570,178426,2583.0,920.0,,1293.0,6056,706375,MSR-2024_12.pdf,1.3.1,MSR-2024_12.csv
2024-12-01,PR. GEORGE'S,463687,42330,104474,1725.0,676.0,,1288.0,11554,625734,MSR-2024_12.pdf,1.3.1,MSR-2024_12.csv
2024-12-01,QUEEN ANNE'S,11288,20837,9018,235.0,46.0,,67.0,329,41820,MSR-2024_12.pdf,1.3.1,MSR-2024_12.csv
2024-12-01,ST. MARY'S,25161,33468,18361,525.0,70.0,,128.0,724,78437,MSR-2024_12.pdf,1.3.1,MSR-2024_12.csv
2024-12-01,SOMERSET,5403,6357,2576,76.0,16.0,,28.0,150,14606,MSR-2024_12.pdf,1.3.1,MSR-2024_12.csv
2024-12-01,TALBOT,10640,11851,6132,177.0,23.0,,53.0,243,29119,MSR-2024_12.pdf,1.3.1,MSR-2024_12.csv
2024-12-01,WASHINGTON,31120,45883,24697,664.0,129.0,,201.0,984,103678,MSR-2024_12.pdf,1.3.1,MSR-2024_12.csv
2024-12-01,WICOMICO,26481,24969,15452,400.0,71.0,,160.0,812,68345,MSR-2024_12.pdf,1.3.1,MSR-2024_12.csv
2024-12-01,WORCESTER,13708,20151,9237,248.0,42.0,,68.0,509,43963,MSR-2024_12.pdf,1.3.1,MSR-2024_12.csv
2025-01-01,ALLEGANY,10884,23706,9030,,56.0,,,850,44526,MSR-2025_01.pdf,1.3.1,MSR-2025_01.csv
2025-01-01,ANNE ARUNDEL,173357,131007,105835,,450.0,,,7004,417653,MSR-2025_01.pdf,1.3.1,MSR-2025_01.csv
2025-01-01,BALTIMORE CITY,301533,29822,65032,,751.0,,,7103,404241,MSR-2025_01.pdf,1.3.1,MSR-2025_01.csv
2025-01-01,BALTIMORE CO.,310930,142734,122496,,739.0,,,10768,587667,MSR-2025_01.pdf,1.3.1,MSR-2025_01.csv
2025-01-01,CALVERT,23670,29140,16792,,61.0,,,1210,70873,MSR-2025_01.pdf,1.3.1,MSR-2025_01.csv
2025-01-01,CAROLINE,5999,11217,4968,,25.0,,,399,22608,MSR-2025_01.pdf,1.3.1,MSR-2025_01.csv
2025-01-01,CARROLL,33400,65113,31032,,138.0,,,2211,131894,MSR-2025_01.pdf,1.3.1,MSR-2025_01.csv
2025-01-01,CECIL,19225,36070,17507,,72.0,,,1451,74325,MSR-2025_01.pdf,1.3.1,MSR-2025_01.csv
2025-01-01,CHARLES,77008,24091,25780,,118.0,,,1806,128803,MSR-2025_01.pdf,1.3.1,MSR-2025_01.csv
2025-01-01,DORCHESTER,9636,9706,4401,,18.0,,,416,24177,MSR-2025_01.pdf,1.3.1,MSR-2025_01.csv
2025-01-01,FREDERICK,79641,70224,55469,,233.0,,,3114,208681,MSR-2025_01.pdf,1.3.1,MSR-2025_01.csv
2025-01-01,GARRETT,3464,14131,3138,,16.0,,,324,21073,MSR-2025_01.pdf,1.3.1,MSR-2025_01.csv
2025-01-01,HARFORD,64849,82755,46022,,162.0,,,3671,197459,MSR-2025_01.pdf,1.3.1,MSR-2025_01.csv
2025-01-01,HOWARD,124105,49300,64586,,290.0,,,3594,241875,MSR-2025_01.pdf,1.3.1,MSR-2025_01.csv
2025-01-01,KENT,5727,5574,2854,,14.0,,,224,14393,MSR-2025_01.pdf,1.3.1,MSR-2025_01.csv
2025-01-01,MONTGOMERY,410731,101752,176689,,916.0,,,9814,699902,MSR-2025_01.pdf,1.3.1,MSR-2025_01.csv
2025-01-01,PR. GEORGE'S,462848,42548,104859,,691.0,,,14624,625570,MSR-2025_01.pdf,1.3.1,MSR-2025_01.csv
2025-01-01,QUEEN ANNE'S,11262,20840,9060,,47.0,,,627,41836,MSR-2025_01.pdf,1.3.1,MSR-2025_01.csv
2025-01-01,ST. MARY'S,25142,33652,18549,,66.0,,,1366,78775,MSR-2025_01.pdf,1.3.1,MSR-2025_01.csv
2025-01-01,SOMERSET,5385,6357,2572,,16.0,,,249,14579,MSR-2025_01.pdf,1.3.1,MSR-2025_01.csv
2025-01-01,TALBOT,10600,11831,6141,,22.0,,,468,29062,MSR-2025_01.pdf,1.3.1,MSR-2025_01.csv
2025-01-01,WASHINGTON,30990,45878,24779,,127.0,,,1843,103617,MSR-2025_01.pdf,1.3.1,MSR-2025_01.csv
2025-01-01,WICOMICO,26303,24885,15436,,70.0,,,1355,68049,MSR-2025_01.pdf,1.3.1,MSR-2025_01.csv
2025-01-01,WORCESTER,13696,20237,9310,,43.0,,,830,44116,MSR-2025_01.pdf,1.3.1,MSR-2025_01.csv
2025-02-01,ALLEGANY,10828,23647,9017,,52.0,55.0,,786,44385,MSR-2025_02.pdf,1.3.1,MSR-2025_02.csv
2025-02-01,ANNE ARUNDEL,173564,131403,106911,,455.0,243.0,,6792,419368,MSR-2025_02.pdf,1.3.1,MSR-2025_02.csv
2025-02-01,BALTIMORE CITY,300359,29792,64900,,754.0,413.0,,6638,402856,MSR-2025_02.pdf,1.3.1,MSR-2025_02.csv
2025-02-01,BALTIMORE CO.,309799,142326,122520,,743.0,409.0,,10274,586071,MSR-2025_02.pdf,1.3.1,MSR-2025_02.csv
2025-02-01,CALVERT,23592,29071,16808,,61.0,35.0,,1156,70723,MSR-2025_02.pdf,1.3.1,MSR-2025_02.csv
2025-02-01,CAROLINE,6003,11227,4978,,25.0,23.0,,373,22629,MSR-2025_02.pdf,1.3.1,MSR-2025_02.csv
2025-02-01,CARROLL,33197,64877,30954,,140.0,64.0,,2121,131353,MSR-2025_02.pdf,1.3.1,MSR-2025_02.csv
2025-02-01,CECIL,19015,35975,17435,,74.0,74.0,,1346,73919,MSR-2025_02.pdf,1.3.1,MSR-2025_02.csv
2025-02-01,CHARLES,76795,23945,25832,,121.0,90.0,,1700,128483,MSR-2025_02.pdf,1.3.1,MSR-2025_02.csv
2025-02-01,DORCHESTER,9578,9695,4407,,19.0,23.0,,391,24113,MSR-2025_02.pdf,1.3.1,MSR-2025_02.csv
2025-02-01,FREDERICK,79237,70075,55511,,233.0,113.0,,2971,208140,MSR-2025_02.pdf,1.3.1,MSR-2025_02.csv
2025-02-01,GARRETT,3443,14111,3136,,16.0,14.0,,308,21028,MSR-2025_02.pdf,1.3.1,MSR-2025_02.csv
2025-02-01,HARFORD,64526,82547,46108,,160.0,132.0,,3509,196982,MSR-2025_02.pdf,1.3.1,MSR-2025_02.csv
2025-02-01,HOWARD,123555,49232,64725,,295.0,75.0,,3501,241383,MSR-2025_02.pdf,1.3.1,MSR-2025_02.csv
2025-02-01,KENT,5696,5558,2851,,14.0,10.0,,215,14344,MSR-2025_02.pdf,1.3.1,MSR-2025_02.csv
2025-02-01,MONTGOMERY,409102,101982,177721,,913.0,253.0,,9726,699697,MSR-2025_02.pdf,1.3.1,MSR-2025_02.csv
2025-02-01,PR. GEORGE'S,462824,42645,105398,,705.0,349.0,,14254,626175,MSR-2025_02.pdf,1.3.1,MSR-2025_02.csv
2025-02-01,QUEEN ANNE'S,11225,20857,9093,,47.0,22.0,,605,41849,MSR-2025_02.pdf,1.3.1,MSR-2025_02.csv
2025-02-01,ST. MARY'S,25016,33587,18505,,68.0,54.0,,1294,78524,MSR-2025_02.pdf,1.3.1,MSR-2025_02.csv
2025-02-01,SOMERSET,5353,6366,2575,,16.0,11.0,,239,14560,MSR-2025_02.pdf,1.3.1,MSR-2025_02.csv
2025-02-01,TALBOT,10546,11787,6132,,21.0,8.0,,456,28950,MSR-2025_02.pdf,1.3.1,MSR-2025_02.csv
2025-02-01,WASHINGTON,30614,45571,24602,,128.0,92.0,,1706,102713,MSR-2025_02.pdf,1.3.1,MSR-2025_02.csv
2025-02-01,WICOMICO,26217,24864,15452,,71.0,61.0,,1284,67949,MSR-2025_02.pdf,1.3.1,MSR-2025_02.csv
2025-02-01,WORCESTER,13620,20176,9305,,44.0,22.0,,797,43964,MSR-2025_02.pdf,1.3.1,MSR-2025_02.csv
2025-03-01,ALLEGANY,10810,23683,9098,,55.0,54.0,,781,44481,MSR-2025_03.pdf,1.3.1,MSR-2025_03.csv
2025-03-01,ANNE ARUNDEL,173256,131249,107393,,466.0,244.0,,6690,419298,MSR-2025_03.pdf,1.3.1,MSR-2025_03.csv
2025-03-01,BALTIMORE CITY,301847,30337,67140,,777.0,392.0,,6823,407316,MSR-2025_03.pdf,1.3.1,MSR-2025_03.csv
2025-03-01,BALTIMORE CO.,309107,142192,122990,,747.0,403.0,,10227,585666,MSR-2025_03.pdf,1.3.1,MSR-2025_03.csv
2025-03-01,CALVERT,23581,29095,16927,,64.0,34.0,,1155,70856,MSR-2025_03.pdf,1.3.1,MSR-2025_03.csv
2025-03-01,CAROLINE,5987,11244,5018,,26.0,24.0,,375,22674,MSR-2025_03.pdf,1.3.1,MSR-2025_03.csv
2025-03-01,CARROLL,33189,64849,31079,,141.0,64.0,,2125,131447,MSR-2025_03.pdf,1.3.1,MSR-2025_03.csv
2025-03-01,CECIL,19026,36032,17550,,77.0,72.0,,1346,74103,MSR-2025_03.pdf,1.3.1,MSR-2025_03.csv
2025-03-01,CHARLES,76785,23937,26056,,126.0,91.0,,1701,128696,MSR-2025_03.pdf,1.3.1,MSR-2025_03.csv
2025-03-01,DORCHESTER,9566,9709,4443,,17.0,23.0,,392,24150,MSR-2025_03.pdf,1.3.1,MSR-2025_03.csv
2025-03-01,FREDERICK,79320,70193,55863,,244.0,113.0,,2956,208689,MSR-2025_03.pdf,1.3.1,MSR-2025_03.csv
2025-03-01,GARRETT,3440,14115,3160,,16.0,14.0,,302,21047,MSR-2025_03.pdf,1.3.1,MSR-2025_03.csv
2025-03-01,HARFORD,64500,82632,46354,,169.0,134.0,,3489,197278,MSR-2025_03.pdf,1.3.1,MSR-2025_03.csv
2025-03-01,HOWARD,123357,49181,65031,,302.0,77.0,,3500,241448,MSR-2025_03.pdf,1.3.1,MSR-2025_03.csv
2025-03-01,KENT,5696,5559,2858,,14.0,10.0,,214,14351,MSR-2025_03.pdf,1.3.1,MSR-2025_03.csv
2025-03-01,MONTGOMERY,409937,102773,180962,,934.0,245.0,,9826,704677,MSR-2025_03.pdf,1.3.1,MSR-2025_03.csv
2025-03-01,PR. GEORGE'S,460669,42535,105480,,725.0,351.0,,14150,623910,MSR-2025_03.pdf,1.3.1,MSR-2025_03.csv
2025-03-01,QUEEN ANNE'S,11233,20862,9125,,48.0,22.0,,614,41904,MSR-2025_03.pdf,1.3.1,MSR-2025_03.csv
2025-03-01,ST. MARY'S,24991,33594,18601,,68.0,55.0,,1282,78591,MSR-2025_03.pdf,1.3.1,MSR-2025_03.csv
2025-03-01,SOMERSET,5366,6392,2609,,18.0,11.0,,241,14637,MSR-2025_03.pdf,1.3.1,MSR-2025_03.csv
2025-03-01,TALBOT,10477,11756,6082,,22.0,7.0,,451,28795,MSR-2025_03.pdf,1.3.1,MSR-2025_03.csv
2025-03-01,WASHINGTON,30574,45529,24716,,132.0,92.0,,1692,102735,MSR-2025_03.pdf,1.3.1,MSR-2025_03.csv
2025-03-01,WICOMICO,26201,24896,15527,,71.0,60.0,,1288,68043,MSR-2025_03.pdf,1.3.1,MSR-2025_03.csv
2025-03-01,WORCESTER,13602,20195,9378,,43.0,22.0,,797,44037,MSR-2025_03.pdf,1.3.1,MSR-2025_03.csv
2025-05-01,ALLEGANY,10828,23756,9182,,55.0,55.0,,774,44650,MSR-2025_05.pdf,1.3.1,MSR-2025_05.csv
2025-05-01,ANNE ARUNDEL,173293,131117,108312,,479.0,268.0,,6645,420114,MSR-2025_05.pdf,1.3.1,MSR-2025_05.csv
2025-05-01,BALTIMORE CITY,301469,30314,67995,,795.0,435.0,,6829,407837,MSR-2025_05.pdf,1.3.1,MSR-2025_05.csv
2025-05-01,BALTIMORE CO.,308945,142063,123935,,761.0,436.0,,10220,586360,MSR-2025_05.pdf,1.3.1,MSR-2025_05.csv
2025-05-01,CALVERT,23533,29077,17074,,66.0,39.0,,1148,70937,MSR-2025_05.pdf,1.3.1,MSR-2025_05.csv
2025-05-01,CAROLINE,6003,11279,5082,,28.0,26.0,,375,22793,MSR-2025_05.pdf,1.3.1,MSR-2025_05.csv
2025-05-01,CARROLL,33184,64788,31297,,144.0,67.0,,2105,131585,MSR-2025_05.pdf,1.3.1,MSR-2025_05.csv
2025-05-01,CECIL,19038,36126,17675,,84.0,77.0,,1338,74338,MSR-2025_05.pdf,1.3.1,MSR-2025_05.csv
2025-05-01,CHARLES,76769,23860,26306,,130.0,99.0,,1682,128846,MSR-2025_05.pdf,1.3.1,MSR-2025_05.csv
2025-05-01,DORCHESTER,9505,9704,4484,,18.0,26.0,,385,24122,MSR-2025_05.pdf,1.3.1,MSR-2025_05.csv
2025-05-01,FREDERICK,79334,70052,56154,,249.0,123.0,,2926,208838,MSR-2025_05.pdf,1.3.1,MSR-2025_05.csv
2025-05-01,GARRETT,3438,14110,3194,,18.0,14.0,,296,21070,MSR-2025_05.pdf,1.3.1,MSR-2025_05.csv
2025-05-01,HARFORD,64493,82621,46686,,176.0,145.0,,3450,197571,MSR-2025_05.pdf,1.3.1,MSR-2025_05.csv
2025-05-01,HOWARD,123201,49059,65473,,311.0,88.0,,3504,241636,MSR-2025_05.pdf,1.3.1,MSR-2025_05.csv
2025-05-01,KENT,5690,5567,2879,,14.0,11.0,,211,14372,MSR-2025_05.pdf,1.3.1,MSR-2025_05.csv
2025-05-01,MONTGOMERY,409393,102678,182324,,958.0,274.0,,9814,705441,MSR-2025_05.pdf,1.3.1,MSR-2025_05.csv
2025-05-01,PR. GEORGE'S,461986,42694,107302,,743.0,399.0,,14249,627373,MSR-2025_05.pdf,1.3.1,MSR-2025_05.csv
2025-05-01,QUEEN ANNE'S,11297,20935,9201,,49.0,23.0,,616,42121,MSR-2025_05.pdf,1.3.1,MSR-2025_05.csv
2025-05-01,ST. MARY'S,25022,33675,18770,,71.0,57.0,,1275,78870,MSR-2025_05.pdf,1.3.1,MSR-2025_05.csv
2025-05-01,SOMERSET,5353,6396,2620,,18.0,16.0,,240,14643,MSR-2025_05.pdf,1.3.1,MSR-2025_05.csv
2025-05-01,TALBOT,10454,11738,6114,,22.0,7.0,,447,28782,MSR-2025_05.pdf,1.3.1,MSR-2025_05.csv
2025-05-01,WASHINGTON,30603,45519,24959,,136.0,99.0,,1681,102997,MSR-2025_05.pdf,1.3.1,MSR-2025_05.csv
2025-05-01,WICOMICO,26184,24876,15688,,73.0,72.0,,1279,68172,MSR-2025_05.pdf,1.3.1,MSR-2025_05.csv
2025-05-01,WORCESTER,13578,20213,9496,,45.0,22.0,,802,44156,MSR-2025_05.pdf,1.3.1,MSR-2025_05.csv
2025-06-01,ALLEGANY,10841,23767,9198,,56.0,55.0,,773,44690,MSR-2025_06.pdf,1.3.1,MSR-2025_06.csv
2025-06-01,ANNE ARUNDEL,173207,130852,108661,,488.0,285.0,,6646,420139,MSR-2025_06.pdf,1.3.1,MSR-2025_06.csv
2025-06-01,BALTIMORE CITY,301146,30245,68370,,803.0,463.0,,6798,407825,MSR-2025_06.pdf,1.3.1,MSR-2025_06.csv
2025-06-01,BALTIMORE CO.,308715,141783,124374,,774.0,447.0,,10200,586293,MSR-2025_06.pdf,1.3.1,MSR-2025_06.csv
2025-06-01,CALVERT,23486,29045,17108,,67.0,41.0,,1148,70895,MSR-2025_06.pdf,1.3.1,MSR-2025_06.csv
2025-06-01,CAROLINE,6002,11280,5104,,29.0,26.0,,375,22816,MSR-2025_06.pdf,1.3.1,MSR-2025_06.csv
2025-06-01,CARROLL,33146,64637,31352,,144.0,69.0,,2093,131441,MSR-2025_06.pdf,1.3.1,MSR-2025_06.csv
2025-06-01,CECIL,18980,36072,17727,,80.0,80.0,,1330,74269,MSR-2025_06.pdf,1.3.1,MSR-2025_06.csv
2025-06-01,CHARLES,76842,23807,26423,,130.0,106.0,,1672,128980,MSR-2025_06.pdf,1.3.1,MSR-2025_06.csv
2025-06-01,DORCHESTER,9495,9701,4504,,18.0,26.0,,387,24131,MSR-2025_06.pdf,1.3.1,MSR-2025_06.csv
2025-06-01,FREDERICK,79357,69843,56391,,251.0,130.0,,2917,208889,MSR-2025_06.pdf,1.3.1,MSR-2025_06.csv
2025-06-01,GARRETT,3434,14114,3213,,18.0,15.0,,295,21089,MSR-2025_06.pdf,1.3.1,MSR-2025_06.csv
2025-06-01,HARFORD,64494,82637,46857,,179.0,156.0,,3432,197755,MSR-2025_06.pdf,1.3.1,MSR-2025_06.csv
2025-06-01,HOWARD,123331,48934,65777,,315.0,91.0,,3488,241936,MSR-2025_06.pdf,1.3.1,MSR-2025_06.csv
2025-06-01,KENT,5676,5562,2889,,14.0,14.0,,211,14366,MSR-2025_06.pdf,1.3.1,MSR-2025_06.csv
2025-06-01,MONTGOMERY,408818,102477,183003,,979.0,295.0,,9802,705374,MSR-2025_06.pdf,1.3.1,MSR-2025_06.csv
2025-06-01,PR. GEORGE'S,461672,42644,107959,,755.0,425.0,,14207,627662,MSR-2025_06.pdf,1.3.1,MSR-2025_06.csv
2025-06-01,QUEEN ANNE'S,11306,20987,9265,,49.0,25.0,,616,42248,MSR-2025_06.pdf,1.3.1,MSR-2025_06.csv
2025-06-01,ST. MARY'S,25017,33661,18802,,70.0,61.0,,1274,78885,MSR-2025_06.pdf,1.3.1,MSR-2025_06.csv
2025-06-01,SOMERSET,5343,6397,2642,,18.0,16.0,,238,14654,MSR-2025_06.pdf,1.3.1,MSR-2025_06.csv
2025-06-01,TALBOT,10394,11720,6119,,22.0,8.0,,444,28707,MSR-2025_06.pdf,1.3.1,MSR-2025_06.csv
2025-06-01,WASHINGTON,30605,45444,25069,,138.0,103.0,,1677,103036,MSR-2025_06.pdf,1.3.1,MSR-2025_06.csv
2025-06-01,WICOMICO,26163,24811,15739,,78.0,80.0,,1274,68145,MSR-2025_06.pdf,1.3.1,MSR-2025_06.csv
2025-06-01,WORCESTER,13559,20205,9499,,44.0,23.0,,803,44133,MSR-2025_06.pdf,1.3.1,MSR-2025_06.csv
2025-07-01,ALLEGANY,10844,23760,9245,,56.0,57.0,,770,44732,MSR-2025_07.pdf,1.3.1,MSR-2025_07.csv
2025-07-01,ANNE ARUNDEL,173577,130947,109337,,491.0,301.0,,6636,421289,MSR-2025_07.pdf,1.3.1,MSR-2025_07.csv
2025-07-01,BALTIMORE CITY,301232,30222,68866,,813.0,497.0,,6795,408425,MSR-2025_07.pdf,1.3.1,MSR-2025_07.csv
2025-07-01,BALTIMORE CO.,308769,141760,125121,,779.0,490.0,,10207,587126,MSR-2025_07.pdf,1.3.1,MSR-2025_07.csv
2025-07-01,CALVERT,23491,29075,17214,,67.0,41.0,,1153,71041,MSR-2025_07.pdf,1.3.1,MSR-2025_07.csv
2025-07-01,CAROLINE,5994,11298,5133,,29.0,27.0,,378,22859,MSR-2025_07.pdf,1.3.1,MSR-2025_07.csv
2025-07-01,CARROLL,33187,64712,31506,,147.0,71.0,,2086,131709,MSR-2025_07.pdf,1.3.1,MSR-2025_07.csv
2025-07-01,CECIL,18984,36108,17806,,81.0,82.0,,1324,74385,MSR-2025_07.pdf,1.3.1,MSR-2025_07.csv
2025-07-01,CHARLES,77021,23798,26624,,131.0,111.0,,1671,129356,MSR-2025_07.pdf,1.3.1,MSR-2025_07.csv
2025-07-01,DORCHESTER,9485,9704,4519,,18.0,29.0,,385,24140,MSR-2025_07.pdf,1.3.1,MSR-2025_07.csv
2025-07-01,FREDERICK,79476,69802,56751,,256.0,140.0,,2915,209340,MSR-2025_07.pdf,1.3.1,MSR-2025_07.csv
2025-07-01,GARRETT,3428,14130,3234,,18.0,14.0,,296,21120,MSR-2025_07.pdf,1.3.1,MSR-2025_07.csv
2025-07-01,HARFORD,64636,82706,47102,,184.0,168.0,,3418,198214,MSR-2025_07.pdf,1.3.1,MSR-2025_07.csv
2025-07-01,HOWARD,123509,48902,66163,,316.0,96.0,,3477,242463,MSR-2025_07.pdf,1.3.1,MSR-2025_07.csv
2025-07-01,KENT,5682,5563,2911,,14.0,14.0,,211,14395,MSR-2025_07.pdf,1.3.1,MSR-2025_07.csv
2025-07-01,MONTGOMERY,408168,102206,183845,,990.0,319.0,,9755,705283,MSR-2025_07.pdf,1.3.1,MSR-2025_07.csv
2025-07-01,PR. GEORGE'S,461363,42612,108613,,762.0,458.0,,14188,627996,MSR-2025_07.pdf,1.3.1,MSR-2025_07.csv
2025-07-01,QUEEN ANNE'S,11330,20999,9324,,49.0,28.0,,613,42343,MSR-2025_07.pdf,1.3.1,MSR-2025_07.csv
2025-07-01,ST. MARY'S,25036,33711,18913,,69.0,62.0,,1270,79061,MSR-2025_07.pdf,1.3.1,MSR-2025_07.csv
2025-07-01,SOMERSET,5345,6395,2669,,17.0,18.0,,240,14684,MSR-2025_07.pdf,1.3.1,MSR-2025_07.csv
2025-07-01,TALBOT,10412,11714,6142,,22.0,10.0,,440,28740,MSR-2025_07.pdf,1.3.1,MSR-2025_07.csv
2025-07-01,WASHINGTON,30646,45480,25238,,142.0,113.0,,1676,103295,MSR-2025_07.pdf,1.3.1,MSR-2025_07.csv
2025-07-01,WICOMICO,26179,24808,15841,,80.0,83.0,,1277,68268,MSR-2025_07.pdf,1.3.1,MSR-2025_07.csv
2025-07-01,WORCESTER,13567,20234,9554,,44.0,27.0,,806,44232,MSR-2025_07.pdf,1.3.1,MSR-2025_07.csv
2025-08-01,ALLEGANY,10847,23738,9272,,57.0,58.0,,767,44739,MSR-2025_08.pdf,1.3.1,MSR-2025_08.csv
2025-08-01,ANNE ARUNDEL,173820,130940,109658,,497.0,307.0,,6758,421980,MSR-2025_08.pdf,1.3.1,MSR-2025_08.csv
2025-08-01,BALTIMORE CITY,301189,30230,69299,,815.0,512.0,,6802,408847,MSR-2025_08.pdf,1.3.1,MSR-2025_08.csv
2025-08-01,BALTIMORE CO.,308952,141702,125736,,788.0,517.0,,10195,587890,MSR-2025_08.pdf,1.3.1,MSR-2025_08.csv
2025-08-01,CALVERT,23508,29119,17306,,67.0,45.0,,1153,71198,MSR-2025_08.pdf,1.3.1,MSR-2025_08.csv
2025-08-01,CAROLINE,5985,11304,5147,,29.0,27.0,,380,22872,MSR-2025_08.pdf,1.3.1,MSR-2025_08.csv
2025-08-01,CARROLL,33158,64626,31558,,149.0,74.0,,2072,131637,MSR-2025_08.pdf,1.3.1,MSR-2025_08.csv
2025-08-01,CECIL,18998,36136,17918,,80.0,91.0,,1318,74541,MSR-2025_08.pdf,1.3.1,MSR-2025_08.csv
2025-08-01,CHARLES,77255,23833,26813,,131.0,117.0,,1675,129824,MSR-2025_08.pdf,1.3.1,MSR-2025_08.csv
2025-08-01,DORCHESTER,9497,9714,4536,,19.0,29.0,,384,24179,MSR-2025_08.pdf,1.3.1,MSR-2025_08.csv
2025-08-01,FREDERICK,79567,69837,56936,,263.0,149.0,,2914,209666,MSR-2025_08.pdf,1.3.1,MSR-2025_08.csv
2025-08-01,GARRETT,3436,14129,3261,,18.0,14.0,,296,21154,MSR-2025_08.pdf,1.3.1,MSR-2025_08.csv
2025-08-01,HARFORD,64693,82773,47293,,187.0,170.0,,3423,198539,MSR-2025_08.pdf,1.3.1,MSR-2025_08.csv
2025-08-01,HOWARD,123669,48830,66504,,317.0,101.0,,3473,242894,MSR-2025_08.pdf,1.3.1,MSR-2025_08.csv
2025-08-01,KENT,5684,5582,2938,,14.0,14.0,,211,14443,MSR-2025_08.pdf,1.3.1,MSR-2025_08.csv
2025-08-01,MONTGOMERY,408388,102059,184574,,993.0,336.0,,9747,706097,MSR-2025_08.pdf,1.3.1,MSR-2025_08.csv
2025-08-01,PR. GEORGE'S,461170,42591,109164,,768.0,473.0,,14191,628357,MSR-2025_08.pdf,1.3.1,MSR-2025_08.csv
2025-08-01,QUEEN ANNE'S,11367,21008,9382,,50.0,28.0,,618,42453,MSR-2025_08.pdf,1.3.1,MSR-2025_08.csv
2025-08-01,ST. MARY'S,25056,33744,19035,,72.0,64.0,,1269,79240,MSR-2025_08.pdf,1.3.1,MSR-2025_08.csv
2025-08-01,SOMERSET,5362,6405,2695,,16.0,19.0,,240,14737,MSR-2025_08.pdf,1.3.1,MSR-2025_08.csv
2025-08-01,TALBOT,10421,11701,6157,,22.0,12.0,,436,28749,MSR-2025_08.pdf,1.3.1,MSR-2025_08.csv
2025-08-01,WASHINGTON,30704,45519,25402,,145.0,113.0,,1671,103554,MSR-2025_08.pdf,1.3.1,MSR-2025_08.csv
2025-08-01,WICOMICO,26186,24811,15925,,81.0,87.0,,1276,68366,MSR-2025_08.pdf,1.3.1,MSR-2025_08.csv
2025-08-01,WORCESTER,13564,20279,9601,,46.0,27.0,,805,44322,MSR-2025_08.pdf,1.3.1,MSR-2025_08.csv
2025-09-01,ALLEGANY,10829,23762,9326,,57.0,64.0,,763,44801,MSR-2025_09.pdf,1.3.1,MSR-2025_09.csv
2025-09-01,ANNE ARUNDEL,173167,130362,109566,,505.0,314.0,,6782,420696,MSR-2025_09.pdf,1.3.1,MSR-2025_09.csv
2025-09-01,BALTIMORE CITY,300088,30188,69420,,825.0,548.0,,6800,407869,MSR-2025_09.pdf,1.3.1,MSR-2025_09.csv
2025-09-01,BALTIMORE CO.,308070,141386,125953,,792.0,541.0,,10139,586881,MSR-2025_09.pdf,1.3.1,MSR-2025_09.csv
2025-09-01,CALVERT,23394,29016,17280,,69.0,46.0,,1139,70944,MSR-2025_09.pdf,1.3.1,MSR-2025_09.csv
2025-09-01,CAROLINE,5966,11307,5174,,33.0,29.0,,371,22880,MSR-2025_09.pdf,1.3.1,MSR-2025_09.csv
2025-09-01,CARROLL,33120,64614,31687,,148.0,78.0,,2067,131714,MSR-2025_09.pdf,1.3.1,MSR-2025_09.csv
2025-09-01,CECIL,18880,36065,17908,,82.0,94.0,,1311,74340,MSR-2025_09.pdf,1.3.1,MSR-2025_09.csv
2025-09-01,CHARLES,77052,23711,26861,,135.0,120.0,,1660,129539,MSR-2025_09.pdf,1.3.1,MSR-2025_09.csv
2025-09-01,DORCHESTER,9474,9721,4543,,20.0,30.0,,384,24172,MSR-2025_09.pdf,1.3.1,MSR-2025_09.csv
2025-09-01,FREDERICK,78897,69356,56684,,268.0,154.0,,2870,208229,MSR-2025_09.pdf,1.3.1,MSR-2025_09.csv
2025-09-01,GARRETT,3419,14112,3276,,18.0,14.0,,295,21134,MSR-2025_09.pdf,1.3.1,MSR-2025_09.csv
2025-09-01,HARFORD,64559,82635,47357,,187.0,174.0,,3392,198304,MSR-2025_09.pdf,1.3.1,MSR-2025_09.csv
2025-09-01,HOWARD,123193,48551,66530,,330.0,105.0,,3448,242157,MSR-2025_09.pdf,1.3.1,MSR-2025_09.csv
2025-09-01,KENT,5658,5567,2942,,15.0,14.0,,211,14407,MSR-2025_09.pdf,1.3.1,MSR-2025_09.csv
2025-09-01,MONTGOMERY,406497,101619,184871,,1023.0,358.0,,9679,704047,MSR-2025_09.pdf,1.3.1,MSR-2025_09.csv
2025-09-01,PR. GEORGE'S,459965,42480,109903,,789.0,513.0,,14222,627872,MSR-2025_09.pdf,1.3.1,MSR-2025_09.csv
2025-09-01,QUEEN ANNE'S,11373,21043,9430,,48.0,31.0,,619,42544,MSR-2025_09.pdf,1.3.1,MSR-2025_09.csv
2025-09-01,ST. MARY'S,24945,33643,19057,,77.0,64.0,,1261,79047,MSR-2025_09.pdf,1.3.1,MSR-2025_09.csv
2025-09-01,SOMERSET,5341,6384,2694,,16.0,20.0,,236,14691,MSR-2025_09.pdf,1.3.1,MSR-2025_09.csv
2025-09-01,TALBOT,10427,11714,6194,,21.0,12.0,,438,28806,MSR-2025_09.pdf,1.3.1,MSR-2025_09.csv
2025-09-01,WASHINGTON,30611,45432,25422,,147.0,118.0,,1659,103389,MSR-2025_09.pdf,1.3.1,MSR-2025_09.csv
2025-09-01,WICOMICO,26102,24747,15963,,80.0,91.0,,1271,68254,MSR-2025_09.pdf,1.3.1,MSR-2025_09.csv
2025-09-01,WORCESTER,13547,20297,9586,,47.0,27.0,,797,44301,MSR-2025_09.pdf,1.3.1,MSR-2025_09.csv
2025-10-01,ALLEGANY,10816,23788,9376,,58.0,70.0,,762,44870,MSR-2025_10.pdf,1.3.1,MSR-2025_10.csv
2025-10-01,ANNE ARUNDEL,173169,130448,110190,,515.0,330.0,,6806,421458,MSR-2025_10.pdf,1.3.1,MSR-2025_10.csv
2025-10-01,BALTIMORE CITY,299951,30218,69975,,838.0,581.0,,6811,408374,MSR-2025_10.pdf,1.3.1,MSR-2025_10.csv
2025-10-01,BALTIMORE CO.,307758,141260,126519,,802.0,565.0,,10137,587041,MSR-2025_10.pdf,1.3.1,MSR-2025_10.csv
2025-10-01,CALVERT,23332,28996,17342,,69.0,51.0,,1139,70929,MSR-2025_10.pdf,1.3.1,MSR-2025_10.csv
2025-10-01,CAROLINE,5954,11334,5195,,33.0,31.0,,373,22920,MSR-2025_10.pdf,1.3.1,MSR-2025_10.csv
2025-10-01,CARROLL,33018,64560,31786,,149.0,83.0,,2065,131661,MSR-2025_10.pdf,1.3.1,MSR-2025_10.csv
2025-10-01,CECIL,18855,36094,18006,,84.0,98.0,,1312,74449,MSR-2025_10.pdf,1.3.1,MSR-2025_10.csv
2025-10-01,CHARLES,76988,23708,27000,,137.0,123.0,,1661,129617,MSR-2025_10.pdf,1.3.1,MSR-2025_10.csv
2025-10-01,DORCHESTER,9482,9741,4545,,21.0,31.0,,386,24206,MSR-2025_10.pdf,1.3.1,MSR-2025_10.csv
2025-10-01,FREDERICK,78539,69275,56936,,277.0,166.0,,2869,208062,MSR-2025_10.pdf,1.3.1,MSR-2025_10.csv
2025-10-01,GARRETT,3410,14114,3282,,19.0,14.0,,294,21133,MSR-2025_10.pdf,1.3.1,MSR-2025_10.csv
2025-10-01,HARFORD,64479,82742,47535,,189.0,182.0,,3401,198528,MSR-2025_10.pdf,1.3.1,MSR-2025_10.csv
2025-10-01,HOWARD,123249,48580,66905,,333.0,108.0,,3449,242624,MSR-2025_10.pdf,1.3.1,MSR-2025_10.csv
2025-10-01,KENT,5639,5593,2952,,15.0,15.0,,214,14428,MSR-2025_10.pdf,1.3.1,MSR-2025_10.csv
2025-10-01,MONTGOMERY,406298,101629,186051,,1045.0,388.0,,9667,705078,MSR-2025_10.pdf,1.3.1,MSR-2025_10.csv
2025-10-01,PR. GEORGE'S,459548,42508,110750,,803.0,538.0,,14228,628375,MSR-2025_10.pdf,1.3.1,MSR-2025_10.csv
2025-10-01,QUEEN ANNE'S,11277,20888,9352,,46.0,33.0,,605,42201,MSR-2025_10.pdf,1.3.1,MSR-2025_10.csv
2025-10-01,ST. MARY'S,24899,33621,19182,,75.0,65.0,,1247,79089,MSR-2025_10.pdf,1.3.1,MSR-2025_10.csv
2025-10-01,SOMERSET,5347,6410,2708,,18.0,21.0,,238,14742,MSR-2025_10.pdf,1.3.1,MSR-2025_10.csv
2025-10-01,TALBOT,10426,11731,6224,,22.0,13.0,,440,28856,MSR-2025_10.pdf,1.3.1,MSR-2025_10.csv
2025-10-01,WASHINGTON,30591,45394,25543,,148.0,121.0,,1658,103455,MSR-2025_10.pdf,1.3.1,MSR-2025_10.csv
2025-10-01,WICOMICO,26128,24759,16046,,80.0,98.0,,1281,68392,MSR-2025_10.pdf,1.3.1,MSR-2025_10.csv
2025-10-01,WORCESTER,13540,20301,9616,,47.0,26.0,,797,44327,MSR-2025_10.pdf,1.3.1,MSR-2025_10.csv
2025-11-01,ALLEGANY,10822,23813,9428,,60.0,72.0,,764,44959,MSR-2025_11.pdf,1.3.1,MSR-2025_11.csv
2025-11-01,ANNE ARUNDEL,173141,130354,110607,,519.0,348.0,,6813,421782,MSR-2025_11.pdf,1.3.1,MSR-2025_11.csv
2025-11-01,BALTIMORE CITY,299795,30232,70308,,849.0,610.0,,6816,408610,MSR-2025_11.pdf,1.3.1,MSR-2025_11.csv
2025-11-01,BALTIMORE CO.,307689,141111,127064,,807.0,591.0,,10132,587394,MSR-2025_11.pdf,1.3.1,MSR-2025_11.csv
2025-11-01,CALVERT,23301,28992,17386,,69.0,51.0,,1140,70939,MSR-2025_11.pdf,1.3.1,MSR-2025_11.csv
2025-11-01,CAROLINE,5936,11339,5219,,33.0,30.0,,366,22923,MSR-2025_11.pdf,1.3.1,MSR-2025_11.csv
2025-11-01,CARROLL,33039,64596,31904,,150.0,87.0,,2052,131828,MSR-2025_11.pdf,1.3.1,MSR-2025_11.csv
2025-11-01,CECIL,18809,36062,18045,,86.0,100.0,,1304,74406,MSR-2025_11.pdf,1.3.1,MSR-2025_11.csv
2025-11-01,CHARLES,77044,23688,27115,,140.0,125.0,,1663,129775,MSR-2025_11.pdf,1.3.1,MSR-2025_11.csv
2025-11-01,DORCHESTER,9468,9738,4566,,21.0,33.0,,394,24220,MSR-2025_11.pdf,1.3.1,MSR-2025_11.csv
2025-11-01,FREDERICK,78567,69251,57106,,277.0,170.0,,2864,208235,MSR-2025_11.pdf,1.3.1,MSR-2025_11.csv
2025-11-01,GARRETT,3403,14112,3302,,21.0,14.0,,294,21146,MSR-2025_11.pdf,1.3.1,MSR-2025_11.csv
2025-11-01,HARFORD,64578,82853,47699,,193.0,190.0,,3408,198921,MSR-2025_11.pdf,1.3.1,MSR-2025_11.csv
2025-11-01,HOWARD,123356,48528,67171,,334.0,106.0,,3455,242950,MSR-2025_11.pdf,1.3.1,MSR-2025_11.csv
2025-11-01,KENT,5656,5603,2950,,15.0,15.0,,216,14455,MSR-2025_11.pdf,1.3.1,MSR-2025_11.csv
2025-11-01,MONTGOMERY,406137,101463,186702,,1051.0,406.0,,9658,705417,MSR-2025_11.pdf,1.3.1,MSR-2025_11.csv
2025-11-01,PR. GEORGE'S,459335,42452,111032,,809.0,554.0,,14215,628397,MSR-2025_11.pdf,1.3.1,MSR-2025_11.csv
2025-11-01,QUEEN ANNE'S,11281,20906,9384,,47.0,33.0,,604,42255,MSR-2025_11.pdf,1.3.1,MSR-2025_11.csv
2025-11-01,ST. MARY'S,24912,33632,19242,,75.0,69.0,,1236,79166,MSR-2025_11.pdf,1.3.1,MSR-2025_11.csv
2025-11-01,SOMERSET,5330,6398,2713,,18.0,21.0,,235,14715,MSR-2025_11.pdf,1.3.1,MSR-2025_11.csv
2025-11-01,TALBOT,10416,11740,6245,,21.0,14.0,,436,28872,MSR-2025_11.pdf,1.3.1,MSR-2025_11.csv
2025-11-01,WASHINGTON,30586,45398,25648,,148.0,124.0,,1659,103563,MSR-2025_11.pdf,1.3.1,MSR-2025_11.csv
2025-11-01,WICOMICO,26115,24783,16111,,82.0,101.0,,1281,68473,MSR-2025_11.pdf,1.3.1,MSR-2025_11.csv
2025-11-01,WORCESTER,13535,20343,9649,,48.0,27.0,,789,44391,MSR-2025_11.pdf,1.3.1,MSR-2025_11.csv
2025-12-01,ALLEGANY,10774,23745,9433,,60.0,76.0,,755,44843,MSR-2025_12.pdf,1.3.1,MSR-2025_12.csv
2025-12-01,ANNE ARUNDEL,172333,129616,110328,,519.0,352.0,,6770,419918,MSR-2025_12.pdf,1.3.1,MSR-2025_12.csv
2025-12-01,BALTIMORE CITY,298318,29957,70171,,839.0,631.0,,6793,406709,MSR-2025_12.pdf,1.3.1,MSR-2025_12.csv
2025-12-01,BALTIMORE CO.,306458,140512,126903,,812.0,611.0,,10061,585357,MSR-2025_12.pdf,1.3.1,MSR-2025_12.csv
2025-12-01,CALVERT,23200,28890,17374,,67.0,52.0,,1130,70713,MSR-2025_12.pdf,1.3.1,MSR-2025_12.csv
2025-12-01,CAROLINE,5906,11317,5196,,34.0,30.0,,368,22851,MSR-2025_12.pdf,1.3.1,MSR-2025_12.csv
2025-12-01,CARROLL,32916,64293,31816,,151.0,95.0,,2031,131302,MSR-2025_12.pdf,1.3.1,MSR-2025_12.csv
2025-12-01,CECIL,18673,35981,17978,,85.0,108.0,,1292,74117,MSR-2025_12.pdf,1.3.1,MSR-2025_12.csv
2025-12-01,CHARLES,76892,23560,27153,,139.0,134.0,,1653,129531,MSR-2025_12.pdf,1.3.1,MSR-2025_12.csv
2025-12-01,DORCHESTER,9427,9727,4579,,21.0,34.0,,391,24179,MSR-2025_12.pdf,1.3.1,MSR-2025_12.csv
2025-12-01,FREDERICK,78043,68791,56816,,273.0,171.0,,2814,206908,MSR-2025_12.pdf,1.3.1,MSR-2025_12.csv
2025-12-01,GARRETT,3395,14079,3304,,21.0,15.0,,295,21109,MSR-2025_12.pdf,1.3.1,MSR-2025_12.csv
2025-12-01,HARFORD,64292,82497,47642,,197.0,196.0,,3365,198189,MSR-2025_12.pdf,1.3.1,MSR-2025_12.csv
2025-12-01,HOWARD,122727,48199,67133,,330.0,110.0,,3424,241923,MSR-2025_12.pdf,1.3.1,MSR-2025_12.csv
2025-12-01,KENT,5609,5589,2945,,15.0,15.0,,213,14386,MSR-2025_12.pdf,1.3.1,MSR-2025_12.csv
2025-12-01,MONTGOMERY,403847,100766,186530,,1058.0,417.0,,9600,702218,MSR-2025_12.pdf,1.3.1,MSR-2025_12.csv
2025-12-01,PR. GEORGE'S,456385,41980,110737,,811.0,567.0,,14121,624601,MSR-2025_12.pdf,1.3.1,MSR-2025_12.csv
2025-12-01,QUEEN ANNE'S,11249,20878,9384,,45.0,35.0,,600,42191,MSR-2025_12.pdf,1.3.1,MSR-2025_12.csv
2025-12-01,ST. MARY'S,24836,33452,19198,,76.0,73.0,,1216,78851,MSR-2025_12.pdf,1.3.1,MSR-2025_12.csv
2025-12-01,SOMERSET,5327,6384,2722,,21.0,22.0,,233,14709,MSR-2025_12.pdf,1.3.1,MSR-2025_12.csv
2025-12-01,TALBOT,10368,11716,6249,,22.0,14.0,,433,28802,MSR-2025_12.pdf,1.3.1,MSR-2025_12.csv
2025-12-01,WASHINGTON,30410,45217,25642,,147.0,126.0,,1646,103188,MSR-2025_12.pdf,1.3.1,MSR-2025_12.csv
2025-12-01,WICOMICO,25923,24663,16074,,84.0,107.0,,1262,68113,MSR-2025_12.pdf,1.3.1,MSR-2025_12.csv
2025-12-01,WORCESTER,13463,20253,9613,,47.0,28.0,,780,44184,MSR-2025_12.pdf,1.3.1,MSR-2025_12.csv
2026-02-01,ALLEGANY,10736,23695,9506,,64.0,82.0,,751,44834,MSR-2026_02.pdf,1.3.1,MSR-2026_02.csv
2026-02-01,ANNE ARUNDEL,172242,129313,111025,,532.0,378.0,,6730,420220,MSR-2026_02.pdf,1.3.1,MSR-2026_02.csv
2026-02-01,BALTIMORE CITY,297775,29905,70932,,847.0,685.0,,6828,406972,MSR-2026_02.pdf,1.3.1,MSR-2026_02.csv
2026-02-01,BALTIMORE CO.,305850,140182,127809,,825.0,644.0,,9993,585303,MSR-2026_02.pdf,1.3.1,MSR-2026_02.csv
2026-02-01,CALVERT,23176,28803,17448,,67.0,57.0,,1122,70673,MSR-2026_02.pdf,1.3.1,MSR-2026_02.csv
2026-02-01,CAROLINE,5883,11333,5236,,34.0,32.0,,366,22884,MSR-2026_02.pdf,1.3.1,MSR-2026_02.csv
2026-02-01,CARROLL,32818,64127,31994,,157.0,108.0,,2008,131212,MSR-2026_02.pdf,1.3.1,MSR-2026_02.csv
2026-02-01,CECIL,18667,35937,18043,,84.0,115.0,,1275,74121,MSR-2026_02.pdf,1.3.1,MSR-2026_02.csv
2026-02-01,CHARLES,76988,23475,27367,,140.0,138.0,,1652,129760,MSR-2026_02.pdf,1.3.1,MSR-2026_02.csv
2026-02-01,DORCHESTER,9400,9742,4621,,21.0,33.0,,391,24208,MSR-2026_02.pdf,1.3.1,MSR-2026_02.csv
2026-02-01,FREDERICK,78098,68567,57142,,279.0,188.0,,2790,207064,MSR-2026_02.pdf,1.3.1,MSR-2026_02.csv
2026-02-01,GARRETT,3381,14067,3313,,23.0,17.0,,290,21091,MSR-2026_02.pdf,1.3.1,MSR-2026_02.csv
2026-02-01,HARFORD,64222,82391,47895,,207.0,209.0,,3366,198290,MSR-2026_02.pdf,1.3.1,MSR-2026_02.csv
2026-02-01,HOWARD,122682,47899,67582,,331.0,121.0,,3426,242041,MSR-2026_02.pdf,1.3.1,MSR-2026_02.csv
2026-02-01,KENT,5573,5579,2983,,16.0,14.0,,216,14381,MSR-2026_02.pdf,1.3.1,MSR-2026_02.csv
2026-02-01,MONTGOMERY,403394,100251,187831,,1075.0,455.0,,9548,702554,MSR-2026_02.pdf,1.3.1,MSR-2026_02.csv
2026-02-01,PR. GEORGE'S,455855,41833,112636,,829.0,625.0,,14065,625843,MSR-2026_02.pdf,1.3.1,MSR-2026_02.csv
2026-02-01,QUEEN ANNE'S,11216,20867,9415,,45.0,41.0,,601,42185,MSR-2026_02.pdf,1.3.1,MSR-2026_02.csv
2026-02-01,ST. MARY'S,24822,33401,19281,,77.0,75.0,,1208,78864,MSR-2026_02.pdf,1.3.1,MSR-2026_02.csv
2026-02-01,SOMERSET,5316,6359,2750,,21.0,21.0,,233,14700,MSR-2026_02.pdf,1.3.1,MSR-2026_02.csv
2026-02-01,TALBOT,10360,11728,6287,,23.0,16.0,,430,28844,MSR-2026_02.pdf,1.3.1,MSR-2026_02.csv
2026-02-01,WASHINGTON,30372,45057,25875,,151.0,135.0,,1643,103233,MSR-2026_02.pdf,1.3.1,MSR-2026_02.csv
2026-02-01,WICOMICO,25922,24685,16171,,83.0,109.0,,1267,68237,MSR-2026_02.pdf,1.3.1,MSR-2026_02.csv
2026-02-01,WORCESTER,13400,20231,9652,,48.0,31.0,,778,44140,MSR-2026_02.pdf,1.3.1,MSR-2026_02.csv
2026-03-01,ALLEGANY,10758,23715,9592,,66.0,88.0,,742,44961,MSR-2026_03.pdf,1.3.1,MSR-2026_03.csv
2026-03-01,ANNE ARUNDEL,172636,129318,111665,,535.0,404.0,,6703,421261,MSR-2026_03.pdf,1.3.1,MSR-2026_03.csv
2026-03-01,BALTIMORE CITY,297761,29937,71503,,856.0,720.0,,6832,407609,MSR-2026_03.pdf,1.3.1,MSR-2026_03.csv
2026-03-01,BALTIMORE CO.,305004,139755,128005,,829.0,670.0,,9941,584204,MSR-2026_03.pdf,1.3.1,MSR-2026_03.csv
2026-03-01,CALVERT,23164,28777,17505,,67.0,63.0,,1118,70694,MSR-2026_03.pdf,1.3.1,MSR-2026_03.csv
2026-03-01,CAROLINE,5872,11356,5259,,33.0,34.0,,366,22920,MSR-2026_03.pdf,1.3.1,MSR-2026_03.csv
2026-03-01,CARROLL,32816,64126,32138,,155.0,115.0,,2005,131355,MSR-2026_03.pdf,1.3.1,MSR-2026_03.csv
2026-03-01,CECIL,18675,36005,18154,,85.0,124.0,,1276,74319,MSR-2026_03.pdf,1.3.1,MSR-2026_03.csv
2026-03-01,CHARLES,77202,23469,27612,,146.0,145.0,,1648,130222,MSR-2026_03.pdf,1.3.1,MSR-2026_03.csv
2026-03-01,DORCHESTER,9385,9801,4651,,21.0,34.0,,390,24282,MSR-2026_03.pdf,1.3.1,MSR-2026_03.csv
2026-03-01,FREDERICK,78383,68616,57492,,281.0,195.0,,2793,207760,MSR-2026_03.pdf,1.3.1,MSR-2026_03.csv
2026-03-01,GARRETT,3369,14086,3340,,23.0,18.0,,288,21124,MSR-2026_03.pdf,1.3.1,MSR-2026_03.csv
2026-03-01,HARFORD,64343,82479,48158,,208.0,214.0,,3358,198760,MSR-2026_03.pdf,1.3.1,MSR-2026_03.csv
2026-03-01,HOWARD,122907,47777,67884,,342.0,129.0,,3420,242459,MSR-2026_03.pdf,1.3.1,MSR-2026_03.csv
2026-03-01,KENT,5578,5581,3007,,17.0,14.0,,215,14412,MSR-2026_03.pdf,1.3.1,MSR-2026_03.csv
2026-03-01,MONTGOMERY,403912,100040,188746,,1096.0,474.0,,9529,703797,MSR-2026_03.pdf,1.3.1,MSR-2026_03.csv
2026-03-01,PR. GEORGE'S,455231,41692,113517,,846.0,649.0,,14011,625946,MSR-2026_03.pdf,1.3.1,MSR-2026_03.csv
2026-03-01,QUEEN ANNE'S,11213,20864,9467,,46.0,40.0,,594,42224,MSR-2026_03.pdf,1.3.1,MSR-2026_03.csv
2026-03-01,ST. MARY'S,24813,33449,19395,,77.0,79.0,,1205,79018,MSR-2026_03.pdf,1.3.1,MSR-2026_03.csv
2026-03-01,SOMERSET,5329,6362,2787,,24.0,22.0,,231,14755,MSR-2026_03.pdf,1.3.1,MSR-2026_03.csv
2026-03-01,TALBOT,10389,11731,6326,,23.0,17.0,,425,28911,MSR-2026_03.pdf,1.3.1,MSR-2026_03.csv
2026-03-01,WASHINGTON,30392,45086,26031,,150.0,147.0,,1643,103449,MSR-2026_03.pdf,1.3.1,MSR-2026_03.csv
2026-03-01,WICOMICO,25855,24610,16211,,84.0,110.0,,1271,68141,MSR-2026_03.pdf,1.3.1,MSR-2026_03.csv
2026-03-01,WORCESTER,13384,20275,9708,,47.0,33.0,,771,44218,MSR-2026_03.pdf,1.3.1,MSR-2026_03.csv
2026-04-01,ALLEGANY,10753,23719,9666,,67.0,92.0,,741,45038,MSR-2026_04.pdf,1.3.1,MSR-2026_04.csv
2026-04-01,ANNE ARUNDEL,172969,129264,112219,,537.0,413.0,,6679,422081,MSR-2026_04.pdf,1.3.1,MSR-2026_04.csv
2026-04-01,BALTIMORE CITY,297700,29989,72014,,855.0,744.0,,6841,408143,MSR-2026_04.pdf,1.3.1,MSR-2026_04.csv
2026-04-01,BALTIMORE CO.,305329,139790,128734,,837.0,697.0,,9933,585320,MSR-2026_04.pdf,1.3.1,MSR-2026_04.csv
2026-04-01,CALVERT,23166,28826,17555,,67.0,61.0,,1117,70792,MSR-2026_04.pdf,1.3.1,MSR-2026_04.csv
2026-04-01,CAROLINE,5888,11386,5303,,32.0,36.0,,363,23008,MSR-2026_04.pdf,1.3.1,MSR-2026_04.csv
2026-04-01,CARROLL,32873,64184,32223,,155.0,116.0,,1986,131537,MSR-2026_04.pdf,1.3.1,MSR-2026_04.csv
2026-04-01,CECIL,18701,35978,18212,,86.0,129.0,,1270,74376,MSR-2026_04.pdf,1.3.1,MSR-2026_04.csv
2026-04-01,CHARLES,77408,23442,27828,,148.0,148.0,,1653,130627,MSR-2026_04.pdf,1.3.1,MSR-2026_04.csv
2026-04-01,DORCHESTER,9398,9805,4683,,22.0,37.0,,395,24340,MSR-2026_04.pdf,1.3.1,MSR-2026_04.csv
2026-04-01,FREDERICK,78660,68632,57760,,290.0,199.0,,2795,208336,MSR-2026_04.pdf,1.3.1,MSR-2026_04.csv
2026-04-01,GARRETT,3360,14092,3361,,23.0,19.0,,289,21144,MSR-2026_04.pdf,1.3.1,MSR-2026_04.csv
2026-04-01,HARFORD,64446,82614,48342,,214.0,222.0,,3362,199200,MSR-2026_04.pdf,1.3.1,MSR-2026_04.csv
2026-04-01,HOWARD,123063,47593,68077,,351.0,133.0,,3406,242623,MSR-2026_04.pdf,1.3.1,MSR-2026_04.csv
2026-04-01,KENT,5575,5579,3002,,17.0,15.0,,212,14400,MSR-2026_04.pdf,1.3.1,MSR-2026_04.csv
2026-04-01,MONTGOMERY,405026,99964,189837,,1095.0,494.0,,9547,705963,MSR-2026_04.pdf,1.3.1,MSR-2026_04.csv
2026-04-01,PR. GEORGE'S,455571,41670,114413,,869.0,668.0,,14004,627195,MSR-2026_04.pdf,1.3.1,MSR-2026_04.csv
2026-04-01,QUEEN ANNE'S,11202,20872,9505,,46.0,41.0,,596,42262,MSR-2026_04.pdf,1.3.1,MSR-2026_04.csv
2026-04-01,ST. MARY'S,24881,33459,19478,,78.0,83.0,,1200,79179,MSR-2026_04.pdf,1.3.1,MSR-2026_04.csv
2026-04-01,SOMERSET,5304,6376,2804,,25.0,24.0,,230,14763,MSR-2026_04.pdf,1.3.1,MSR-2026_04.csv
2026-04-01,TALBOT,10394,11723,6358,,23.0,19.0,,423,28940,MSR-2026_04.pdf,1.3.1,MSR-2026_04.csv
2026-04-01,WASHINGTON,30429,45111,26210,,152.0,152.0,,1632,103686,MSR-2026_04.pdf,1.3.1,MSR-2026_04.csv
2026-04-01,WICOMICO,25619,24489,16155,,89.0,115.0,,1244,67711,MSR-2026_04.pdf,1.3.1,MSR-2026_04.csv
2026-04-01,WORCESTER,13373,20364,9743,,48.0,34.0,,765,44327,MSR-2026_04.pdf,1.3.1,MSR-2026_04.csv
